folder,filename,type,kb,dimensions,referenced,used_in,site_url,origin,sha256,owner,last_reviewed
docs,Adrian-Hammond-2009-10.pdf,PDF,91,n/a,YES,site-data.js,https://rdca-sportsweb-version2.vercel.app/docs/Adrian-Hammond-2009-10.pdf,Migrated from the old Wix site (www.rdca.com/_files/ugd/) unless noted,85b2096c1b965aa6,UNCONFIRMED,NOT RECORDED
docs,Adverse-Weather-Policy-2026-27.pdf,PDF,577,n/a,YES,site-data.js,https://rdca-sportsweb-version2.vercel.app/docs/Adverse-Weather-Policy-2026-27.pdf,Migrated from the old Wix site (www.rdca.com/_files/ugd/) unless noted,bfeeda3af3e1802e,UNCONFIRMED,NOT RECORDED
docs,Ball-Ordering-Instructions.pdf,PDF,876,n/a,YES,site-data.js,https://rdca-sportsweb-version2.vercel.app/docs/Ball-Ordering-Instructions.pdf,Migrated from the old Wix site (www.rdca.com/_files/ugd/) unless noted,f04fa7a34b8d27ba,UNCONFIRMED,NOT RECORDED
docs,Big-Bash-Over-40s-T20-Rules-2026.docx,DOCX,44,n/a,YES,site-data.js,https://rdca-sportsweb-version2.vercel.app/docs/Big-Bash-Over-40s-T20-Rules-2026.docx,Migrated from the old Wix site (www.rdca.com/_files/ugd/) unless noted,804e12ddab7f1812,UNCONFIRMED,NOT RECORDED
docs,Bill-Stafford-2012-13.pdf,PDF,132,n/a,YES,site-data.js,https://rdca-sportsweb-version2.vercel.app/docs/Bill-Stafford-2012-13.pdf,Migrated from the old Wix site (www.rdca.com/_files/ugd/) unless noted,48568aed11a45ed4,UNCONFIRMED,NOT RECORDED
docs,Business-Continuity-Plan.pdf,PDF,237,n/a,YES,site-data.js,https://rdca-sportsweb-version2.vercel.app/docs/Business-Continuity-Plan.pdf,Migrated from the old Wix site (www.rdca.com/_files/ugd/) unless noted,8c1f2c28e5ef1c18,UNCONFIRMED,NOT RECORDED
docs,Clearances-Transfers-Guide.pdf,PDF,451,n/a,YES,site-data.js,https://rdca-sportsweb-version2.vercel.app/docs/Clearances-Transfers-Guide.pdf,Migrated from the old Wix site (www.rdca.com/_files/ugd/) unless noted,19efa6ca6d850892,UNCONFIRMED,NOT RECORDED
docs,Club-Questionaire.doc,DOC,60,n/a,YES,site-data.js,https://rdca-sportsweb-version2.vercel.app/docs/Club-Questionaire.doc,Migrated from the old Wix site (www.rdca.com/_files/ugd/) unless noted,b853760a41a70964,UNCONFIRMED,NOT RECORDED
docs,Code-of-Conduct-Captains-2025-26.pdf,PDF,219,n/a,YES,site-data.js,https://rdca-sportsweb-version2.vercel.app/docs/Code-of-Conduct-Captains-2025-26.pdf,Migrated from the old Wix site (www.rdca.com/_files/ugd/) unless noted,0e78a93404100862,UNCONFIRMED,NOT RECORDED
docs,Code-of-Conduct-Players-2025-26.pdf,PDF,192,n/a,YES,site-data.js,https://rdca-sportsweb-version2.vercel.app/docs/Code-of-Conduct-Players-2025-26.pdf,Migrated from the old Wix site (www.rdca.com/_files/ugd/) unless noted,4a7b83bc51304d04,UNCONFIRMED,NOT RECORDED
docs,Cricket-Ball-Order-Form-2024-25.docx,DOCX,118,n/a,YES,site-data.js,https://rdca-sportsweb-version2.vercel.app/docs/Cricket-Ball-Order-Form-2024-25.docx,Migrated from the old Wix site (www.rdca.com/_files/ugd/) unless noted,896e27909d1a1905,UNCONFIRMED,NOT RECORDED
docs,Cricket-Ball-Order-Form-2025-26.docx,DOCX,118,n/a,YES,site-data.js,https://rdca-sportsweb-version2.vercel.app/docs/Cricket-Ball-Order-Form-2025-26.docx,Migrated from the old Wix site (www.rdca.com/_files/ugd/) unless noted,9ba6ed34ceac6e55,UNCONFIRMED,NOT RECORDED
docs,Discipline-Protests-Framework-2025-26.pdf,PDF,258,n/a,YES,site-data.js,https://rdca-sportsweb-version2.vercel.app/docs/Discipline-Protests-Framework-2025-26.pdf,Migrated from the old Wix site (www.rdca.com/_files/ugd/) unless noted,97669be7f3e323df,UNCONFIRMED,NOT RECORDED
docs,Extreme-Conditions-Policy.pdf,PDF,198,n/a,YES,site-data.js,https://rdca-sportsweb-version2.vercel.app/docs/Extreme-Conditions-Policy.pdf,Migrated from the old Wix site (www.rdca.com/_files/ugd/) unless noted,0a8bf8669d9df461,UNCONFIRMED,NOT RECORDED
docs,Game-Day-Checklist.pdf,PDF,98,n/a,YES,site-data.js,https://rdca-sportsweb-version2.vercel.app/docs/Game-Day-Checklist.pdf,Migrated from the old Wix site (www.rdca.com/_files/ugd/) unless noted,e9780a9691fc8981,UNCONFIRMED,NOT RECORDED
docs,Greg-Mitchell-2014-15.docx,DOCX,448,n/a,YES,site-data.js,https://rdca-sportsweb-version2.vercel.app/docs/Greg-Mitchell-2014-15.docx,Migrated from the old Wix site (www.rdca.com/_files/ugd/) unless noted,3473f419abc0346c,UNCONFIRMED,NOT RECORDED
docs,Gregor-Mason-2019-20.pdf,PDF,117,n/a,YES,site-data.js,https://rdca-sportsweb-version2.vercel.app/docs/Gregor-Mason-2019-20.pdf,Migrated from the old Wix site (www.rdca.com/_files/ugd/) unless noted,8ca7794c2412fcc0,UNCONFIRMED,NOT RECORDED
docs,Ian-Dench-2014-15.pdf,PDF,127,n/a,YES,site-data.js,https://rdca-sportsweb-version2.vercel.app/docs/Ian-Dench-2014-15.pdf,Migrated from the old Wix site (www.rdca.com/_files/ugd/) unless noted,74a68f34fb90849e,UNCONFIRMED,NOT RECORDED
docs,Ian-Spencer-2009-10.pdf,PDF,159,n/a,YES,site-data.js,https://rdca-sportsweb-version2.vercel.app/docs/Ian-Spencer-2009-10.pdf,Migrated from the old Wix site (www.rdca.com/_files/ugd/) unless noted,6c0564cea456fc44,UNCONFIRMED,NOT RECORDED
docs,John-Springett-2007-08.pdf,PDF,189,n/a,YES,site-data.js,https://rdca-sportsweb-version2.vercel.app/docs/John-Springett-2007-08.pdf,Migrated from the old Wix site (www.rdca.com/_files/ugd/) unless noted,ddbbc3f1e256f5a8,UNCONFIRMED,NOT RECORDED
docs,Josh-Browne-2009-10.pdf,PDF,102,n/a,YES,site-data.js,https://rdca-sportsweb-version2.vercel.app/docs/Josh-Browne-2009-10.pdf,Migrated from the old Wix site (www.rdca.com/_files/ugd/) unless noted,17dd500eebcbf78c,UNCONFIRMED,NOT RECORDED
docs,Member-Protection-By-Law.pdf,PDF,70,n/a,YES,site-data.js,https://rdca-sportsweb-version2.vercel.app/docs/Member-Protection-By-Law.pdf,Migrated from the old Wix site (www.rdca.com/_files/ugd/) unless noted,c019c426c773593f,UNCONFIRMED,NOT RECORDED
docs,Member-Protection-Policy.pdf,PDF,1702,n/a,YES,site-data.js,https://rdca-sportsweb-version2.vercel.app/docs/Member-Protection-Policy.pdf,Migrated from the old Wix site (www.rdca.com/_files/ugd/) unless noted,a4eaecb0c0028dae,UNCONFIRMED,NOT RECORDED
docs,MyCricket-Results-Entry-Guide.pdf,PDF,576,n/a,YES,site-data.js,https://rdca-sportsweb-version2.vercel.app/docs/MyCricket-Results-Entry-Guide.pdf,Migrated from the old Wix site (www.rdca.com/_files/ugd/) unless noted,9c7d7b5c2e5170b0,UNCONFIRMED,NOT RECORDED
docs,Personal-Accident-Claim-Form.pdf,PDF,511,n/a,YES,site-data.js,https://rdca-sportsweb-version2.vercel.app/docs/Personal-Accident-Claim-Form.pdf,Migrated from the old Wix site (www.rdca.com/_files/ugd/) unless noted,bf8cd70ce84a7a39,UNCONFIRMED,NOT RECORDED
docs,RDCA Awards and Honours 2526 WIP.xlsx,XLSX,20,n/a,NOT LINKED — INTENTIONAL,"Source workbook — data imported into honours; kept for provenance, intentionally not linked",https://rdca-sportsweb-version2.vercel.app/docs/RDCA Awards and Honours 2526 WIP.xlsx,Migrated from the old Wix site (www.rdca.com/_files/ugd/) unless noted,8f231e9244ebfdb5,UNCONFIRMED,NOT RECORDED
docs,RDCA Lower Grade Premiers Seniors 2526 WIP.xlsx,XLSX,14,n/a,NOT LINKED — INTENTIONAL,"Source workbook — data imported into honours; kept for provenance, intentionally not linked",https://rdca-sportsweb-version2.vercel.app/docs/RDCA Lower Grade Premiers Seniors 2526 WIP.xlsx,Migrated from the old Wix site (www.rdca.com/_files/ugd/) unless noted,923792e32693faac,UNCONFIRMED,NOT RECORDED
docs,RDCA Snr premier Averages to 2526 WIP.xlsx,XLSX,14,n/a,NOT LINKED — INTENTIONAL,"Source workbook — data imported into honours; kept for provenance, intentionally not linked",https://rdca-sportsweb-version2.vercel.app/docs/RDCA Snr premier Averages to 2526 WIP.xlsx,Migrated from the old Wix site (www.rdca.com/_files/ugd/) unless noted,de2148820ba18c40,UNCONFIRMED,NOT RECORDED
docs,RDCA lower grade averages 2526 WIP.xlsx,XLSX,44,n/a,NOT LINKED — INTENTIONAL,"Source workbook — data imported into honours; kept for provenance, intentionally not linked",https://rdca-sportsweb-version2.vercel.app/docs/RDCA lower grade averages 2526 WIP.xlsx,Migrated from the old Wix site (www.rdca.com/_files/ugd/) unless noted,d81d341287df0ce8,UNCONFIRMED,NOT RECORDED
docs,RDCA-Annual-Report-2024-25.docx,DOCX,4566,n/a,YES,site-data.js,https://rdca-sportsweb-version2.vercel.app/docs/RDCA-Annual-Report-2024-25.docx,Migrated from the old Wix site (www.rdca.com/_files/ugd/) unless noted,585c72c9c458d070,UNCONFIRMED,NOT RECORDED
docs,RDCA-Annual-Report-2025-26.pdf,PDF,5505,n/a,YES,site-data.js,https://rdca-sportsweb-version2.vercel.app/docs/RDCA-Annual-Report-2025-26.pdf,Migrated from the old Wix site (www.rdca.com/_files/ugd/) unless noted,4d87cb3735638597,UNCONFIRMED,NOT RECORDED
docs,RDCA-Code-of-Conduct.pdf,PDF,5,n/a,YES,site-data.js,https://rdca-sportsweb-version2.vercel.app/docs/RDCA-Code-of-Conduct.pdf,Migrated from the old Wix site (www.rdca.com/_files/ugd/) unless noted,de2c840b1aa643a5,UNCONFIRMED,NOT RECORDED
docs,RDCA-Constitution-2021-22.pdf,PDF,335,n/a,YES,site-data.js,https://rdca-sportsweb-version2.vercel.app/docs/RDCA-Constitution-2021-22.pdf,Migrated from the old Wix site (www.rdca.com/_files/ugd/) unless noted,7e7e142c1f674275,UNCONFIRMED,NOT RECORDED
docs,RDCA-Hall-of-Fame-Induction-2026.pdf,PDF,1418,n/a,YES,site-data.js,https://rdca-sportsweb-version2.vercel.app/docs/RDCA-Hall-of-Fame-Induction-2026.pdf,Migrated from the old Wix site (www.rdca.com/_files/ugd/) unless noted,176a84b6f2146d9e,UNCONFIRMED,NOT RECORDED
docs,RDCA-Hall-of-Fame-Program-2025.pdf,PDF,1995,n/a,YES,site-data.js,https://rdca-sportsweb-version2.vercel.app/docs/RDCA-Hall-of-Fame-Program-2025.pdf,Migrated from the old Wix site (www.rdca.com/_files/ugd/) unless noted,ad0e4469ec2af364,UNCONFIRMED,NOT RECORDED
docs,RDCA-Junior-Documents-README.pdf,PDF,2,n/a,YES,site-data.js,https://rdca-sportsweb-version2.vercel.app/docs/RDCA-Junior-Documents-README.pdf,Migrated from the old Wix site (www.rdca.com/_files/ugd/) unless noted,f0421be9281b792f,UNCONFIRMED,NOT RECORDED
docs,Senior-Rules-2026-27.pdf,PDF,1342,n/a,YES,site-data.js,https://rdca-sportsweb-version2.vercel.app/docs/Senior-Rules-2026-27.pdf,Migrated from the old Wix site (www.rdca.com/_files/ugd/) unless noted,ec9f566c1dd8350e,UNCONFIRMED,NOT RECORDED
docs,Stuart-Minetti-2021-22.pdf,PDF,80,n/a,YES,site-data.js,https://rdca-sportsweb-version2.vercel.app/docs/Stuart-Minetti-2021-22.pdf,Migrated from the old Wix site (www.rdca.com/_files/ugd/) unless noted,9a1a5703b6461553,UNCONFIRMED,NOT RECORDED
docs,Team-Nomination-Form.docx,DOCX,25,n/a,YES,site-data.js,https://rdca-sportsweb-version2.vercel.app/docs/Team-Nomination-Form.docx,Migrated from the old Wix site (www.rdca.com/_files/ugd/) unless noted,6dc52cfaba4d7968,UNCONFIRMED,NOT RECORDED
docs,Tim-Court-2011-12.pdf,PDF,127,n/a,YES,site-data.js,https://rdca-sportsweb-version2.vercel.app/docs/Tim-Court-2011-12.pdf,Migrated from the old Wix site (www.rdca.com/_files/ugd/) unless noted,0b5c043bccb95dcb,UNCONFIRMED,NOT RECORDED
docs,Tony-Gawne-2012-13.pdf,PDF,108,n/a,YES,site-data.js,https://rdca-sportsweb-version2.vercel.app/docs/Tony-Gawne-2012-13.pdf,Migrated from the old Wix site (www.rdca.com/_files/ugd/) unless noted,efb25895f6f7f33e,UNCONFIRMED,NOT RECORDED
docs,Veterans-Rules.pdf,PDF,147,n/a,YES,site-data.js,https://rdca-sportsweb-version2.vercel.app/docs/Veterans-Rules.pdf,Migrated from the old Wix site (www.rdca.com/_files/ugd/) unless noted,2007b5d5531d84f3,UNCONFIRMED,NOT RECORDED
docs,Womens-East-Rules-2025-26.pdf,PDF,622,n/a,YES,site-data.js,https://rdca-sportsweb-version2.vercel.app/docs/Womens-East-Rules-2025-26.pdf,Migrated from the old Wix site (www.rdca.com/_files/ugd/) unless noted,152f6675fd2bd8b8,UNCONFIRMED,NOT RECORDED
logos,ainsliepark.webp,WEBP,27,400x321,YES,site-data.js,https://rdca-sportsweb-version2.vercel.app/logos/ainsliepark.webp,Club crests — re-encoded to webp; 3 recovered from the old-site archive,a5fc9a99d21693a9,UNCONFIRMED,NOT RECORDED
logos,bayswater.webp,WEBP,34,400x372,YES,site-data.js,https://rdca-sportsweb-version2.vercel.app/logos/bayswater.webp,Club crests — re-encoded to webp; 3 recovered from the old-site archive,2d69b4917875d780,UNCONFIRMED,NOT RECORDED
logos,boronia.webp,WEBP,31,400x392,YES,site-data.js,https://rdca-sportsweb-version2.vercel.app/logos/boronia.webp,Club crests — re-encoded to webp; 3 recovered from the old-site archive,6db0fdc8891a8c30,UNCONFIRMED,NOT RECORDED
logos,chirnsidepark.webp,WEBP,25,400x276,YES,site-data.js,https://rdca-sportsweb-version2.vercel.app/logos/chirnsidepark.webp,Club crests — re-encoded to webp; 3 recovered from the old-site archive,69fc03198f02a3b3,UNCONFIRMED,NOT RECORDED
logos,coldstream.webp,WEBP,28,325x400,YES,site-data.js,https://rdca-sportsweb-version2.vercel.app/logos/coldstream.webp,Club crests — re-encoded to webp; 3 recovered from the old-site archive,17d6c9b13bb3854e,UNCONFIRMED,NOT RECORDED
logos,croydon.webp,WEBP,26,400x367,NOT LINKED — INTENTIONAL,Former member club — retained for historical honours records,https://rdca-sportsweb-version2.vercel.app/logos/croydon.webp,Club crests — re-encoded to webp; 3 recovered from the old-site archive,ae5df92201ec8b93,UNCONFIRMED,NOT RECORDED
logos,croydonnorth.webp,WEBP,23,400x332,YES,site-data.js,https://rdca-sportsweb-version2.vercel.app/logos/croydonnorth.webp,Club crests — re-encoded to webp; 3 recovered from the old-site archive,e8e970f305d0437a,UNCONFIRMED,NOT RECORDED
logos,croydonranges.webp,WEBP,24,400x343,YES,site-data.js,https://rdca-sportsweb-version2.vercel.app/logos/croydonranges.webp,Club crests — re-encoded to webp; 3 recovered from the old-site archive,fe5fdfd38cbf19e6,UNCONFIRMED,NOT RECORDED
logos,eastfield.webp,WEBP,25,400x368,YES,site-data.js,https://rdca-sportsweb-version2.vercel.app/logos/eastfield.webp,Club crests — re-encoded to webp; 3 recovered from the old-site archive,8d3e0106e3255c5f,UNCONFIRMED,NOT RECORDED
logos,eastringwood.webp,WEBP,26,335x400,YES,site-data.js,https://rdca-sportsweb-version2.vercel.app/logos/eastringwood.webp,Club crests — re-encoded to webp; 3 recovered from the old-site archive,3b2d32d4b1fb7ff9,UNCONFIRMED,NOT RECORDED
logos,healesville.webp,WEBP,21,314x400,YES,site-data.js,https://rdca-sportsweb-version2.vercel.app/logos/healesville.webp,Club crests — re-encoded to webp; 3 recovered from the old-site archive,fd1593fc93e307bf,UNCONFIRMED,NOT RECORDED
logos,heatherdale.webp,WEBP,18,245x238,YES,site-data.js,https://rdca-sportsweb-version2.vercel.app/logos/heatherdale.webp,Club crests — re-encoded to webp; 3 recovered from the old-site archive,8e9600321697b1d5,UNCONFIRMED,NOT RECORDED
logos,heathwood.webp,WEBP,35,320x400,YES,site-data.js,https://rdca-sportsweb-version2.vercel.app/logos/heathwood.webp,Club crests — re-encoded to webp; 3 recovered from the old-site archive,400fb34d349230d5,UNCONFIRMED,NOT RECORDED
logos,hoddlescreek.webp,WEBP,25,400x284,YES,site-data.js,https://rdca-sportsweb-version2.vercel.app/logos/hoddlescreek.webp,Club crests — re-encoded to webp; 3 recovered from the old-site archive,b727f4a1742e4281,UNCONFIRMED,NOT RECORDED
logos,kilsyth.webp,WEBP,29,400x297,YES,site-data.js,https://rdca-sportsweb-version2.vercel.app/logos/kilsyth.webp,Club crests — re-encoded to webp; 3 recovered from the old-site archive,9d468eb58024b5c2,UNCONFIRMED,NOT RECORDED
logos,launchingplace.webp,WEBP,20,400x253,NOT LINKED — INTENTIONAL,Former member club — retained for historical honours records,https://rdca-sportsweb-version2.vercel.app/logos/launchingplace.webp,Club crests — re-encoded to webp; 3 recovered from the old-site archive,251e217298b9f635,UNCONFIRMED,NOT RECORDED
logos,lilydale.webp,WEBP,26,400x336,YES,site-data.js,https://rdca-sportsweb-version2.vercel.app/logos/lilydale.webp,Club crests — re-encoded to webp; 3 recovered from the old-site archive,e0426907b35a7ba9,UNCONFIRMED,NOT RECORDED
logos,lusatiapark.webp,WEBP,13,205x177,YES,site-data.js,https://rdca-sportsweb-version2.vercel.app/logos/lusatiapark.webp,Club crests — re-encoded to webp; 3 recovered from the old-site archive,128d64aee54cf3af,UNCONFIRMED,NOT RECORDED
logos,montrose.webp,WEBP,25,400x357,YES,site-data.js,https://rdca-sportsweb-version2.vercel.app/logos/montrose.webp,Club crests — re-encoded to webp; 3 recovered from the old-site archive,3566afa897ee039a,UNCONFIRMED,NOT RECORDED
logos,mooroolbark.webp,WEBP,28,400x319,YES,site-data.js,https://rdca-sportsweb-version2.vercel.app/logos/mooroolbark.webp,Club crests — re-encoded to webp; 3 recovered from the old-site archive,8d19664859f28180,UNCONFIRMED,NOT RECORDED
logos,mtevelyn.webp,WEBP,31,400x377,YES,site-data.js,https://rdca-sportsweb-version2.vercel.app/logos/mtevelyn.webp,Club crests — re-encoded to webp; 3 recovered from the old-site archive,e46dff4d4c9e651b,UNCONFIRMED,NOT RECORDED
logos,northringwood.webp,WEBP,29,355x400,YES,site-data.js,https://rdca-sportsweb-version2.vercel.app/logos/northringwood.webp,Club crests — re-encoded to webp; 3 recovered from the old-site archive,8368f3a5e9deed62,UNCONFIRMED,NOT RECORDED
logos,norwood.webp,WEBP,29,400x358,YES,site-data.js,https://rdca-sportsweb-version2.vercel.app/logos/norwood.webp,Club crests — re-encoded to webp; 3 recovered from the old-site archive,ecb3b607d105d6dc,UNCONFIRMED,NOT RECORDED
logos,powelltown.webp,WEBP,33,387x400,YES,site-data.js,https://rdca-sportsweb-version2.vercel.app/logos/powelltown.webp,Club crests — re-encoded to webp; 3 recovered from the old-site archive,929363d3c8296f77,UNCONFIRMED,NOT RECORDED
logos,ringwood.webp,WEBP,30,319x400,YES,index.html,https://rdca-sportsweb-version2.vercel.app/logos/ringwood.webp,Club crests — re-encoded to webp; 3 recovered from the old-site archive,ce656939719ebd22,UNCONFIRMED,NOT RECORDED
logos,seville.webp,WEBP,23,400x370,YES,site-data.js,https://rdca-sportsweb-version2.vercel.app/logos/seville.webp,Club crests — re-encoded to webp; 3 recovered from the old-site archive,61960cf4da69ee45,UNCONFIRMED,NOT RECORDED
logos,southcroydon.webp,WEBP,27,400x276,YES,site-data.js,https://rdca-sportsweb-version2.vercel.app/logos/southcroydon.webp,Club crests — re-encoded to webp; 3 recovered from the old-site archive,7e47b709f84876b3,UNCONFIRMED,NOT RECORDED
logos,southwarrandyte.webp,WEBP,30,400x376,YES,site-data.js,https://rdca-sportsweb-version2.vercel.app/logos/southwarrandyte.webp,Club crests — re-encoded to webp; 3 recovered from the old-site archive,7b87276a76874cff,UNCONFIRMED,NOT RECORDED
logos,standrews.webp,WEBP,30,400x395,YES,site-data.js,https://rdca-sportsweb-version2.vercel.app/logos/standrews.webp,Club crests — re-encoded to webp; 3 recovered from the old-site archive,29f8e22bcbec0ea4,UNCONFIRMED,NOT RECORDED
logos,templeton.webp,WEBP,32,400x392,YES,site-data.js,https://rdca-sportsweb-version2.vercel.app/logos/templeton.webp,Club crests — re-encoded to webp; 3 recovered from the old-site archive,825380834f6998c4,UNCONFIRMED,NOT RECORDED
logos,vermont.webp,WEBP,6,151x148,YES,site-data.js,https://rdca-sportsweb-version2.vercel.app/logos/vermont.webp,Club crests — re-encoded to webp; 3 recovered from the old-site archive,1daba859dca86c31,UNCONFIRMED,NOT RECORDED
logos,wandin.webp,WEBP,26,400x298,YES,site-data.js,https://rdca-sportsweb-version2.vercel.app/logos/wandin.webp,Club crests — re-encoded to webp; 3 recovered from the old-site archive,dab791c5d0a2417d,UNCONFIRMED,NOT RECORDED
logos,wantirna.webp,WEBP,27,400x279,YES,site-data.js,https://rdca-sportsweb-version2.vercel.app/logos/wantirna.webp,Club crests — re-encoded to webp; 3 recovered from the old-site archive,e0de9cfc9bc5f39e,UNCONFIRMED,NOT RECORDED
logos,wantirnasouth.webp,WEBP,29,400x361,YES,site-data.js,https://rdca-sportsweb-version2.vercel.app/logos/wantirnasouth.webp,Club crests — re-encoded to webp; 3 recovered from the old-site archive,cba29f97e0b67ce1,UNCONFIRMED,NOT RECORDED
logos,warrandyte.webp,WEBP,25,400x319,YES,site-data.js,https://rdca-sportsweb-version2.vercel.app/logos/warrandyte.webp,Club crests — re-encoded to webp; 3 recovered from the old-site archive,7d55bf4abe3d6059,UNCONFIRMED,NOT RECORDED
logos,warranwood.webp,WEBP,26,400x365,YES,site-data.js,https://rdca-sportsweb-version2.vercel.app/logos/warranwood.webp,Club crests — re-encoded to webp; 3 recovered from the old-site archive,cc6681b8ad857acf,UNCONFIRMED,NOT RECORDED
logos,wongapark.webp,WEBP,25,400x318,YES,site-data.js,https://rdca-sportsweb-version2.vercel.app/logos/wongapark.webp,Club crests — re-encoded to webp; 3 recovered from the old-site archive,741af0b471778925,UNCONFIRMED,NOT RECORDED
logos,wooriyallock.webp,WEBP,33,388x400,NOT LINKED — INTENTIONAL,Former member club — retained for historical honours records,https://rdca-sportsweb-version2.vercel.app/logos/wooriyallock.webp,Club crests — re-encoded to webp; 3 recovered from the old-site archive,930c5a9c23b538df,UNCONFIRMED,NOT RECORDED
logos,yarraglen.webp,WEBP,31,343x400,YES,site-data.js,https://rdca-sportsweb-version2.vercel.app/logos/yarraglen.webp,Club crests — re-encoded to webp; 3 recovered from the old-site archive,4bebc9e81fd5b81a,UNCONFIRMED,NOT RECORDED
logos,yarrajunction.webp,WEBP,29,400x393,YES,site-data.js,https://rdca-sportsweb-version2.vercel.app/logos/yarrajunction.webp,Club crests — re-encoded to webp; 3 recovered from the old-site archive,791fb8fbad1c1b1e,UNCONFIRMED,NOT RECORDED
sponsors,best-embroidery.webp,WEBP,8,425x425,YES,site-data.js,https://rdca-sportsweb-version2.vercel.app/sponsors/best-embroidery.webp,Sponsor logos — migrated off static.wixstatic.com 2026-09-07,9ce59edcacb73e32,UNCONFIRMED,NOT RECORDED
sponsors,brown-co-lawyers.webp,WEBP,3,200x200,YES,site-data.js,https://rdca-sportsweb-version2.vercel.app/sponsors/brown-co-lawyers.webp,Sponsor logos — migrated off static.wixstatic.com 2026-09-07,223e31c9492e3f9d,UNCONFIRMED,NOT RECORDED
sponsors,childsafe.webp,WEBP,10,520x457,YES,site-data.js,https://rdca-sportsweb-version2.vercel.app/sponsors/childsafe.webp,Sponsor logos — migrated off static.wixstatic.com 2026-09-07,fa83b2227185f559,UNCONFIRMED,NOT RECORDED
sponsors,club-builder.webp,WEBP,14,520x457,YES,site-data.js,https://rdca-sportsweb-version2.vercel.app/sponsors/club-builder.webp,Sponsor logos — migrated off static.wixstatic.com 2026-09-07,555ab4147a2940cf,UNCONFIRMED,NOT RECORDED
sponsors,cricket-victoria.webp,WEBP,15,520x457,YES,site-data.js,https://rdca-sportsweb-version2.vercel.app/sponsors/cricket-victoria.webp,Sponsor logos — migrated off static.wixstatic.com 2026-09-07,a6e63e56e1954dad,UNCONFIRMED,NOT RECORDED
sponsors,david-hodgett-mp.webp,WEBP,21,520x457,YES,site-data.js,https://rdca-sportsweb-version2.vercel.app/sponsors/david-hodgett-mp.webp,Sponsor logos — migrated off static.wixstatic.com 2026-09-07,54c78a81ce0767e2,UNCONFIRMED,NOT RECORDED
sponsors,kookaburra-sport.webp,WEBP,11,520x457,YES,site-data.js,https://rdca-sportsweb-version2.vercel.app/sponsors/kookaburra-sport.webp,Sponsor logos — migrated off static.wixstatic.com 2026-09-07,984e6d0493059b3b,UNCONFIRMED,NOT RECORDED
sponsors,matrix-roofing.webp,WEBP,4,425x425,YES,site-data.js,https://rdca-sportsweb-version2.vercel.app/sponsors/matrix-roofing.webp,Sponsor logos — migrated off static.wixstatic.com 2026-09-07,a588ca1bdd9951ba,UNCONFIRMED,NOT RECORDED
sponsors,mcphail-partners.webp,WEBP,19,514x381,YES,site-data.js,https://rdca-sportsweb-version2.vercel.app/sponsors/mcphail-partners.webp,Sponsor logos — migrated off static.wixstatic.com 2026-09-07,cfdcab359af6e264,UNCONFIRMED,NOT RECORDED
sponsors,michael-sukkar-mp.webp,WEBP,15,520x457,YES,site-data.js,https://rdca-sportsweb-version2.vercel.app/sponsors/michael-sukkar-mp.webp,Sponsor logos — migrated off static.wixstatic.com 2026-09-07,73e5d30cc1dcd663,UNCONFIRMED,NOT RECORDED
sponsors,moneyquest-camberwell.webp,WEBP,4,225x225,YES,site-data.js,https://rdca-sportsweb-version2.vercel.app/sponsors/moneyquest-camberwell.webp,Sponsor logos — migrated off static.wixstatic.com 2026-09-07,53f716482fce1cfc,UNCONFIRMED,NOT RECORDED
sponsors,noel-jones.webp,WEBP,4,520x458,YES,site-data.js,https://rdca-sportsweb-version2.vercel.app/sponsors/noel-jones.webp,Sponsor logos — migrated off static.wixstatic.com 2026-09-07,383da0e489a4cdcc,UNCONFIRMED,NOT RECORDED
sponsors,outside-the-locker-room.webp,WEBP,19,520x520,YES,site-data.js,https://rdca-sportsweb-version2.vercel.app/sponsors/outside-the-locker-room.webp,Sponsor logos — migrated off static.wixstatic.com 2026-09-07,e9a728f761ea1cc5,UNCONFIRMED,NOT RECORDED
sponsors,radio-eastern-fm.webp,WEBP,12,520x457,YES,site-data.js,https://rdca-sportsweb-version2.vercel.app/sponsors/radio-eastern-fm.webp,Sponsor logos — migrated off static.wixstatic.com 2026-09-07,d7e52da9130d5d7e,UNCONFIRMED,NOT RECORDED
sponsors,saints-landscaping.webp,WEBP,24,640x640,YES,"site-data.js, index.html",https://rdca-sportsweb-version2.vercel.app/sponsors/saints-landscaping.webp,Sponsor logos — migrated off static.wixstatic.com 2026-09-07,cf0cef5bade28134,UNCONFIRMED,NOT RECORDED
sponsors,saxon-sports.webp,WEBP,27,520x457,YES,site-data.js,https://rdca-sportsweb-version2.vercel.app/sponsors/saxon-sports.webp,Sponsor logos — migrated off static.wixstatic.com 2026-09-07,7b1719e9064a02f0,UNCONFIRMED,NOT RECORDED
sponsors,shieldguard-security.webp,WEBP,9,425x425,YES,site-data.js,https://rdca-sportsweb-version2.vercel.app/sponsors/shieldguard-security.webp,Sponsor logos — migrated off static.wixstatic.com 2026-09-07,9b51eab827860f8a,UNCONFIRMED,NOT RECORDED
sponsors,sportsweb-australia.webp,WEBP,11,520x520,YES,site-data.js,https://rdca-sportsweb-version2.vercel.app/sponsors/sportsweb-australia.webp,Sponsor logos — migrated off static.wixstatic.com 2026-09-07,95eacf191e17ff81,UNCONFIRMED,NOT RECORDED
images/committee,andy-laws.webp,WEBP,23,480x480,YES,site-data.js,https://rdca-sportsweb-version2.vercel.app/images/committee/andy-laws.webp,Board & committee portraits — migrated off static.wixstatic.com 2026-09-07,c9fe4e583bd8778f,UNCONFIRMED,NOT RECORDED
images/committee,barry-johnson.webp,WEBP,13,480x480,YES,site-data.js,https://rdca-sportsweb-version2.vercel.app/images/committee/barry-johnson.webp,Board & committee portraits — migrated off static.wixstatic.com 2026-09-07,c73797c0a71e113d,UNCONFIRMED,NOT RECORDED
images/committee,bill-stafford.webp,WEBP,31,480x480,YES,site-data.js,https://rdca-sportsweb-version2.vercel.app/images/committee/bill-stafford.webp,Board & committee portraits — migrated off static.wixstatic.com 2026-09-07,5e9ef283638830d6,UNCONFIRMED,NOT RECORDED
images/committee,carson-brooks.webp,WEBP,25,480x480,YES,site-data.js,https://rdca-sportsweb-version2.vercel.app/images/committee/carson-brooks.webp,Board & committee portraits — migrated off static.wixstatic.com 2026-09-07,93c546eb8970061b,UNCONFIRMED,NOT RECORDED
images/committee,chris-anderson.webp,WEBP,35,480x480,YES,site-data.js,https://rdca-sportsweb-version2.vercel.app/images/committee/chris-anderson.webp,Board & committee portraits — migrated off static.wixstatic.com 2026-09-07,c17637674c87a1c2,UNCONFIRMED,NOT RECORDED
images/committee,david-peel.webp,WEBP,42,480x480,YES,site-data.js,https://rdca-sportsweb-version2.vercel.app/images/committee/david-peel.webp,Board & committee portraits — migrated off static.wixstatic.com 2026-09-07,b59759c1c6144dca,UNCONFIRMED,NOT RECORDED
images/committee,gavin-kellar.webp,WEBP,16,480x480,YES,site-data.js,https://rdca-sportsweb-version2.vercel.app/images/committee/gavin-kellar.webp,Board & committee portraits — migrated off static.wixstatic.com 2026-09-07,50f251a672b9281f,UNCONFIRMED,NOT RECORDED
images/committee,graeme-seymour.webp,WEBP,59,480x480,YES,site-data.js,https://rdca-sportsweb-version2.vercel.app/images/committee/graeme-seymour.webp,Board & committee portraits — migrated off static.wixstatic.com 2026-09-07,51a34603561b597c,UNCONFIRMED,NOT RECORDED
images/committee,jo-fairy.webp,WEBP,44,480x480,YES,site-data.js,https://rdca-sportsweb-version2.vercel.app/images/committee/jo-fairy.webp,Board & committee portraits — migrated off static.wixstatic.com 2026-09-07,f64f7df993a8edaa,UNCONFIRMED,NOT RECORDED
images/committee,jordan-russell.webp,WEBP,20,412x412,YES,site-data.js,https://rdca-sportsweb-version2.vercel.app/images/committee/jordan-russell.webp,Board & committee portraits — migrated off static.wixstatic.com 2026-09-07,5d8f54bb8ab0acac,UNCONFIRMED,NOT RECORDED
images/committee,linda-bailey.webp,WEBP,47,480x480,YES,site-data.js,https://rdca-sportsweb-version2.vercel.app/images/committee/linda-bailey.webp,Board & committee portraits — migrated off static.wixstatic.com 2026-09-07,1f40174898f97cc9,UNCONFIRMED,NOT RECORDED
images/committee,lothar-pilz.webp,WEBP,13,298x298,YES,site-data.js,https://rdca-sportsweb-version2.vercel.app/images/committee/lothar-pilz.webp,Board & committee portraits — migrated off static.wixstatic.com 2026-09-07,da928aca09bcd337,UNCONFIRMED,NOT RECORDED
images/committee,michael-finn.webp,WEBP,9,350x350,YES,site-data.js,https://rdca-sportsweb-version2.vercel.app/images/committee/michael-finn.webp,Board & committee portraits — migrated off static.wixstatic.com 2026-09-07,0bd8ab20bbb7432c,UNCONFIRMED,NOT RECORDED
images/committee,pamela-vodopier.webp,WEBP,45,480x480,YES,site-data.js,https://rdca-sportsweb-version2.vercel.app/images/committee/pamela-vodopier.webp,Board & committee portraits — migrated off static.wixstatic.com 2026-09-07,fc0f6d599a2a8027,UNCONFIRMED,NOT RECORDED
images/committee,pat-meehan.webp,WEBP,25,480x480,YES,site-data.js,https://rdca-sportsweb-version2.vercel.app/images/committee/pat-meehan.webp,Board & committee portraits — migrated off static.wixstatic.com 2026-09-07,9b321df3390ceb5c,UNCONFIRMED,NOT RECORDED
images/committee,paul-broussard.webp,WEBP,18,480x480,YES,site-data.js,https://rdca-sportsweb-version2.vercel.app/images/committee/paul-broussard.webp,Board & committee portraits — migrated off static.wixstatic.com 2026-09-07,7692a48c05248f04,UNCONFIRMED,NOT RECORDED
images/committee,peter-chamings.webp,WEBP,22,480x480,YES,site-data.js,https://rdca-sportsweb-version2.vercel.app/images/committee/peter-chamings.webp,Board & committee portraits — migrated off static.wixstatic.com 2026-09-07,78728b39231d253e,UNCONFIRMED,NOT RECORDED
images/committee,steve-oxley.webp,WEBP,25,480x480,YES,site-data.js,https://rdca-sportsweb-version2.vercel.app/images/committee/steve-oxley.webp,Board & committee portraits — migrated off static.wixstatic.com 2026-09-07,e616cddbf17bc1dc,UNCONFIRMED,NOT RECORDED
images/committee,steve-pascoe-oam.webp,WEBP,20,350x350,YES,site-data.js,https://rdca-sportsweb-version2.vercel.app/images/committee/steve-pascoe-oam.webp,Board & committee portraits — migrated off static.wixstatic.com 2026-09-07,078929b46089dba2,UNCONFIRMED,NOT RECORDED
images/committee,timothy-court.webp,WEBP,31,480x480,YES,site-data.js,https://rdca-sportsweb-version2.vercel.app/images/committee/timothy-court.webp,Board & committee portraits — migrated off static.wixstatic.com 2026-09-07,e6cda4d609b6ceea,UNCONFIRMED,NOT RECORDED
images/news,celebration-wine-available-100-years-for-the-rdc.webp,WEBP,63,1000x1000,YES,site-data.js,https://rdca-sportsweb-version2.vercel.app/images/news/celebration-wine-available-100-years-for-the-rdc.webp,Archived blog post images — migrated off static.wixstatic.com 2026-09-07,5534195b51d325da,UNCONFIRMED,NOT RECORDED
images/news,check-out-saxon-s-online-store.webp,WEBP,63,1000x1000,YES,site-data.js,https://rdca-sportsweb-version2.vercel.app/images/news/check-out-saxon-s-online-store.webp,Archived blog post images — migrated off static.wixstatic.com 2026-09-07,5534195b51d325da,UNCONFIRMED,NOT RECORDED
images/news,covid-safe-help-is-here.webp,WEBP,63,1000x1000,YES,site-data.js,https://rdca-sportsweb-version2.vercel.app/images/news/covid-safe-help-is-here.webp,Archived blog post images — migrated off static.wixstatic.com 2026-09-07,5534195b51d325da,UNCONFIRMED,NOT RECORDED
images/news,exciting-news.webp,WEBP,63,1000x1000,YES,site-data.js,https://rdca-sportsweb-version2.vercel.app/images/news/exciting-news.webp,Archived blog post images — migrated off static.wixstatic.com 2026-09-07,5534195b51d325da,UNCONFIRMED,NOT RECORDED
images/news,junior-trophy-collection.webp,WEBP,63,1000x1000,YES,site-data.js,https://rdca-sportsweb-version2.vercel.app/images/news/junior-trophy-collection.webp,Archived blog post images — migrated off static.wixstatic.com 2026-09-07,5534195b51d325da,UNCONFIRMED,NOT RECORDED
images/news,more-covid-products-70-alcohol-wipes.webp,WEBP,63,1000x1000,YES,site-data.js,https://rdca-sportsweb-version2.vercel.app/images/news/more-covid-products-70-alcohol-wipes.webp,Archived blog post images — migrated off static.wixstatic.com 2026-09-07,5534195b51d325da,UNCONFIRMED,NOT RECORDED
images/news,rdca-saxon-sports-supporting-the-mukti-australia.webp,WEBP,63,1000x1000,YES,site-data.js,https://rdca-sportsweb-version2.vercel.app/images/news/rdca-saxon-sports-supporting-the-mukti-australia.webp,Archived blog post images — migrated off static.wixstatic.com 2026-09-07,5534195b51d325da,UNCONFIRMED,NOT RECORDED
images/news,ringwood-district-cricket-association.webp,WEBP,63,1000x1000,YES,site-data.js,https://rdca-sportsweb-version2.vercel.app/images/news/ringwood-district-cricket-association.webp,Archived blog post images — migrated off static.wixstatic.com 2026-09-07,5534195b51d325da,UNCONFIRMED,NOT RECORDED
images/news,thank-you-craig-from-trackon.webp,WEBP,63,1000x1000,YES,site-data.js,https://rdca-sportsweb-version2.vercel.app/images/news/thank-you-craig-from-trackon.webp,Archived blog post images — migrated off static.wixstatic.com 2026-09-07,5534195b51d325da,UNCONFIRMED,NOT RECORDED
images/news,thank-you-mandy.webp,WEBP,63,1000x1000,YES,site-data.js,https://rdca-sportsweb-version2.vercel.app/images/news/thank-you-mandy.webp,Archived blog post images — migrated off static.wixstatic.com 2026-09-07,5534195b51d325da,UNCONFIRMED,NOT RECORDED
images/news,umpires-wanted.webp,WEBP,63,1000x1000,YES,site-data.js,https://rdca-sportsweb-version2.vercel.app/images/news/umpires-wanted.webp,Archived blog post images — migrated off static.wixstatic.com 2026-09-07,5534195b51d325da,UNCONFIRMED,NOT RECORDED
images/news,welcome-to-new-sponsor-all-weather-mini-diggers-.webp,WEBP,63,1000x1000,YES,site-data.js,https://rdca-sportsweb-version2.vercel.app/images/news/welcome-to-new-sponsor-all-weather-mini-diggers-.webp,Archived blog post images — migrated off static.wixstatic.com 2026-09-07,5534195b51d325da,UNCONFIRMED,NOT RECORDED
images/news,who-wants-to-be-on-a-magazine-cover.webp,WEBP,63,1000x1000,YES,site-data.js,https://rdca-sportsweb-version2.vercel.app/images/news/who-wants-to-be-on-a-magazine-cover.webp,Archived blog post images — migrated off static.wixstatic.com 2026-09-07,5534195b51d325da,UNCONFIRMED,NOT RECORDED
images/honours,hall-of-fame-board-1.webp,WEBP,266,1295x1100,YES,hall-of-fame.html,https://rdca-sportsweb-version2.vercel.app/images/honours/hall-of-fame-board-1.webp,Hall of Fame induction board scans — migrated off static.wixstatic.com 2026-09-07,128a2c563e60512c,UNCONFIRMED,NOT RECORDED
images/honours,hall-of-fame-board-2.webp,WEBP,202,1496x1075,YES,hall-of-fame.html,https://rdca-sportsweb-version2.vercel.app/images/honours/hall-of-fame-board-2.webp,Hall of Fame induction board scans — migrated off static.wixstatic.com 2026-09-07,7fbf45c09773cf00,UNCONFIRMED,NOT RECORDED
images/honours,hall-of-fame-board-3.webp,WEBP,305,1104x1600,YES,hall-of-fame.html,https://rdca-sportsweb-version2.vercel.app/images/honours/hall-of-fame-board-3.webp,Hall of Fame induction board scans — migrated off static.wixstatic.com 2026-09-07,2ef59ca722cb43d8,UNCONFIRMED,NOT RECORDED
images/honours,hall-of-fame-board-4.webp,WEBP,261,1600x1149,YES,hall-of-fame.html,https://rdca-sportsweb-version2.vercel.app/images/honours/hall-of-fame-board-4.webp,Hall of Fame induction board scans — migrated off static.wixstatic.com 2026-09-07,8c8e0c3f24b3a98f,UNCONFIRMED,NOT RECORDED
images/galleries,season-2022-23.webp,WEBP,11,240x240,YES,site-data.js,https://rdca-sportsweb-version2.vercel.app/images/galleries/season-2022-23.webp,ShootProof album previews — Field of View Photography,4fd1e6d966fe362e,UNCONFIRMED,NOT RECORDED
images/galleries,season-2023-24.webp,WEBP,11,240x240,YES,site-data.js,https://rdca-sportsweb-version2.vercel.app/images/galleries/season-2023-24.webp,ShootProof album previews — Field of View Photography,9ba892a6228c4fc2,UNCONFIRMED,NOT RECORDED
images/galleries,season-2024-25.webp,WEBP,13,240x240,YES,site-data.js,https://rdca-sportsweb-version2.vercel.app/images/galleries/season-2024-25.webp,ShootProof album previews — Field of View Photography,da44e1590b0db12d,UNCONFIRMED,NOT RECORDED
images/galleries,season-2025-26.webp,WEBP,10,240x240,YES,site-data.js,https://rdca-sportsweb-version2.vercel.app/images/galleries/season-2025-26.webp,ShootProof album previews — Field of View Photography,3e6edca7e39c0a7b,UNCONFIRMED,NOT RECORDED
