title,category,source_page,original_url,canonical_url,filename,declared_type,mime,bytes,sha256,http,is_real_file,host,in_repository,on_new_site,wix_dependency,status
Registration Form,Forms & Rules,new site /documents.html (site-data.js),https://www.rdca.com/_files/ugd/c846e3_7ca10e17623b49e8ad0a6e9e4b08f6c3.pdf,https://www.rdca.com/_files/ugd/c846e3_7ca10e17623b49e8ad0a6e9e4b08f6c3.pdf,c846e3_7ca10e17623b49e8ad0a6e9e4b08f6c3.pdf,pdf,application/pdf,77049,4cc807fee52870f0d70e0e143bace5b19fec78c965b742c5559d8e3be2588e06,200,YES,www.rdca.com,NO,LINKED ONLY (hot-linked to old host),YES,EXTERNAL-DEPENDENCY
Senior Rules 2026-27,Forms & Rules,new site /documents.html (site-data.js),https://www.rdca.com/_files/ugd/5d13eb_213140ec8e044fe589d6a95ab6b7af43.pdf,https://www.rdca.com/_files/ugd/5d13eb_213140ec8e044fe589d6a95ab6b7af43.pdf,5d13eb_213140ec8e044fe589d6a95ab6b7af43.pdf,pdf,application/pdf,1374426,ec9f566c1dd8350e9bce1c79df708d653aa5dc5e8805185d3aad4baad0d3713b,200,YES,www.rdca.com,NO,LINKED ONLY (hot-linked to old host),YES,EXTERNAL-DEPENDENCY
Adverse Weather Policy 2026-27,Forms & Rules,new site /documents.html (site-data.js),https://www.rdca.com/_files/ugd/5d13eb_5e0a952f27094f01815aa4c57eb5171a.pdf,https://www.rdca.com/_files/ugd/5d13eb_5e0a952f27094f01815aa4c57eb5171a.pdf,5d13eb_5e0a952f27094f01815aa4c57eb5171a.pdf,pdf,application/pdf,591243,bfeeda3af3e1802e18e4ab92f3b57ff5c1dfbdaf75375d081e68a6350645562d,200,YES,www.rdca.com,NO,LINKED ONLY (hot-linked to old host),YES,EXTERNAL-DEPENDENCY
Clearances & Transfers Guide,Forms & Rules,new site /documents.html (site-data.js),https://www.rdca.com/_files/ugd/c846e3_2337caa1f5584ee99832599a9812cdf3.pdf,https://www.rdca.com/_files/ugd/c846e3_2337caa1f5584ee99832599a9812cdf3.pdf,c846e3_2337caa1f5584ee99832599a9812cdf3.pdf,pdf,application/pdf,461315,19efa6ca6d8508921ee4a4ee4ecdb97d52491290b41fa93f687cf843cea32a32,200,YES,www.rdca.com,NO,LINKED ONLY (hot-linked to old host),YES,EXTERNAL-DEPENDENCY
Veterans Rules,Veterans,new site /documents.html (site-data.js),https://www.rdca.com/_files/ugd/c846e3_aab45fab5ef74cf2aae47e6b5b66bdc7.pdf,https://www.rdca.com/_files/ugd/c846e3_aab45fab5ef74cf2aae47e6b5b66bdc7.pdf,c846e3_aab45fab5ef74cf2aae47e6b5b66bdc7.pdf,pdf,application/pdf,150223,2007b5d5531d84f389909f8da69396f10a928517e2a9067dc6086a138c59d899,200,YES,www.rdca.com,NO,LINKED ONLY (hot-linked to old host),YES,EXTERNAL-DEPENDENCY
Big Bash (Over 40s T20) Rules 2026,Veterans,new site /documents.html (site-data.js),https://www.rdca.com/_files/ugd/bad3dd_bdb67564cd4347b49a516f68f16879f8.docx?dn=RDCA%20Big%20Bash%20Veterans%20T20%20Rules%202026.docx,https://www.rdca.com/_files/ugd/bad3dd_bdb67564cd4347b49a516f68f16879f8.docx,RDCA Big Bash Veterans T20 Rules 2026.docx,doc,application/vnd.openxmlformats-officedocument.wordprocessingml.document,44971,804e12ddab7f181273370ef93badf9db0467bd8c83fe13ab4fda05e2ba606e3b,200,YES,www.rdca.com,NO,LINKED ONLY (hot-linked to old host),YES,EXTERNAL-DEPENDENCY
Extreme Conditions Policy,Veterans,new site /documents.html (site-data.js),https://www.rdca.com/_files/ugd/c846e3_9c33b8f940324a8ab989d56220d4d6a6.pdf,https://www.rdca.com/_files/ugd/c846e3_9c33b8f940324a8ab989d56220d4d6a6.pdf,c846e3_9c33b8f940324a8ab989d56220d4d6a6.pdf,pdf,application/pdf,202553,0a8bf8669d9df461e35ee41c9a896fc718f0d3ce62bdb4d946f8523e2ef95ccf,200,YES,www.rdca.com,NO,LINKED ONLY (hot-linked to old host),YES,EXTERNAL-DEPENDENCY
Member Protection By Law,Veterans,new site /documents.html (site-data.js),https://www.rdca.com/_files/ugd/c846e3_0a2aae2dc6d949109796cb2c9c333793.pdf,https://www.rdca.com/_files/ugd/c846e3_0a2aae2dc6d949109796cb2c9c333793.pdf,c846e3_0a2aae2dc6d949109796cb2c9c333793.pdf,pdf,application/pdf,71437,c019c426c773593fbd0848f26c30025da2716af924b9337dc1587fcdd61d999b,200,YES,www.rdca.com,NO,LINKED ONLY (hot-linked to old host),YES,EXTERNAL-DEPENDENCY
Member Protection Policy,Veterans,new site /documents.html (site-data.js),https://www.rdca.com/_files/ugd/c846e3_a8fd9209cf6541a5968832c02220cf6a.pdf,https://www.rdca.com/_files/ugd/c846e3_a8fd9209cf6541a5968832c02220cf6a.pdf,c846e3_a8fd9209cf6541a5968832c02220cf6a.pdf,pdf,application/pdf,1742688,a4eaecb0c0028dae3f29b1932724a0879eec7a3bfe144e02d460f3df35b5ebc2,200,YES,www.rdca.com,NO,LINKED ONLY (hot-linked to old host),YES,EXTERNAL-DEPENDENCY
Clearances & Transfers Guide,Veterans,new site /documents.html (site-data.js),https://www.rdca.com/_files/ugd/c846e3_2337caa1f5584ee99832599a9812cdf3.pdf,https://www.rdca.com/_files/ugd/c846e3_2337caa1f5584ee99832599a9812cdf3.pdf,c846e3_2337caa1f5584ee99832599a9812cdf3.pdf,pdf,application/pdf,461315,19efa6ca6d8508921ee4a4ee4ecdb97d52491290b41fa93f687cf843cea32a32,200,YES,www.rdca.com,NO,LINKED ONLY (hot-linked to old host),YES,EXTERNAL-DEPENDENCY
Personal Accident Claim Form,Veterans,new site /documents.html (site-data.js),https://www.rdca.com/_files/ugd/c846e3_274cf01dc51a4dd994e3a3652c7fb04c.pdf,https://www.rdca.com/_files/ugd/c846e3_274cf01dc51a4dd994e3a3652c7fb04c.pdf,c846e3_274cf01dc51a4dd994e3a3652c7fb04c.pdf,pdf,application/pdf,522817,bf8cd70ce84a7a396d85503046a57af6b9b1e237aa3e69275c6f4f710700ee78,200,YES,www.rdca.com,NO,LINKED ONLY (hot-linked to old host),YES,EXTERNAL-DEPENDENCY
Game Day Checklist,Veterans,new site /documents.html (site-data.js),https://www.rdca.com/_files/ugd/c846e3_110a01d5affe459f9780aaddddde7d78.pdf,https://www.rdca.com/_files/ugd/c846e3_110a01d5affe459f9780aaddddde7d78.pdf,c846e3_110a01d5affe459f9780aaddddde7d78.pdf,pdf,application/pdf,100372,e9780a9691fc89811f9767ea93b6358097f7efe4aa5260019e212654ef148308,200,YES,www.rdca.com,NO,LINKED ONLY (hot-linked to old host),YES,EXTERNAL-DEPENDENCY
MyCricket Results Entry Guide,Veterans,new site /documents.html (site-data.js),https://www.rdca.com/_files/ugd/c846e3_7a6d5730dbc94944bdd8256f31bc8ba2.pdf,https://www.rdca.com/_files/ugd/c846e3_7a6d5730dbc94944bdd8256f31bc8ba2.pdf,c846e3_7a6d5730dbc94944bdd8256f31bc8ba2.pdf,pdf,application/pdf,589617,9c7d7b5c2e5170b051e726d703ffff29b18c52eced98624a3b4744495160c865,200,YES,www.rdca.com,NO,LINKED ONLY (hot-linked to old host),YES,EXTERNAL-DEPENDENCY
Team Nomination Form,Veterans,new site /documents.html (site-data.js),https://www.rdca.com/_files/ugd/bad3dd_ff323a6c498c495692aee01743d6d570.docx?dn=RDCA%20Over%2040s%20Big%20Bash%207%20Team%20Nomination%20form%202026.docx,https://www.rdca.com/_files/ugd/bad3dd_ff323a6c498c495692aee01743d6d570.docx,RDCA Over 40s Big Bash 7 Team Nomination form 2026.docx,doc,application/vnd.openxmlformats-officedocument.wordprocessingml.document,25387,6dc52cfaba4d79688da4ef141cddc52bbaad48f59e3e7fcabad20a6f4086d9dd,200,YES,www.rdca.com,NO,LINKED ONLY (hot-linked to old host),YES,EXTERNAL-DEPENDENCY
Business Continuity Plan,Veterans,new site /documents.html (site-data.js),https://www.rdca.com/_files/ugd/c846e3_bd2f9385d4ef401ea4fddfa35c5c1445.pdf,https://www.rdca.com/_files/ugd/c846e3_bd2f9385d4ef401ea4fddfa35c5c1445.pdf,c846e3_bd2f9385d4ef401ea4fddfa35c5c1445.pdf,pdf,application/pdf,242406,8c1f2c28e5ef1c18f5b702d385dd761b03417fe5c8ab74ba79f21850d8bcd6e7,200,YES,www.rdca.com,NO,LINKED ONLY (hot-linked to old host),YES,EXTERNAL-DEPENDENCY
Club Questionaire,Veterans,new site /documents.html (site-data.js),https://www.rdca.com/_files/ugd/c846e3_3abc462ec3084e199e845ac0766e7b5a.doc?dn=rdca_Insurance_Questionaire.doc,https://www.rdca.com/_files/ugd/c846e3_3abc462ec3084e199e845ac0766e7b5a.doc,rdca_Insurance_Questionaire.doc,doc,application/msword,61952,b853760a41a709640574e04fa764cb466e58a04a290a42224e4570b9d14e5f08,200,YES,www.rdca.com,NO,LINKED ONLY (hot-linked to old host),YES,EXTERNAL-DEPENDENCY
Cricket Ball Order Form 2024/25,Veterans,new site /documents.html (site-data.js),https://www.rdca.com/_files/ugd/5d13eb_3e2a22b3f51f4f8a88d6d6b43e5d1c9a.docx?dn=CRICKET%20BALL%20ORDER%20FORM%202024-25%20.docx,https://www.rdca.com/_files/ugd/5d13eb_3e2a22b3f51f4f8a88d6d6b43e5d1c9a.docx,CRICKET BALL ORDER FORM 2024-25 .docx,doc,application/vnd.openxmlformats-officedocument.wordprocessingml.document,120998,896e27909d1a19058a55b048080ee0171c04706aa9b20f91309129d787b7f948,200,YES,www.rdca.com,NO,LINKED ONLY (hot-linked to old host),YES,EXTERNAL-DEPENDENCY
Ball Ordering Instructions,Veterans,new site /documents.html (site-data.js),https://www.rdca.com/_files/ugd/5d13eb_c7b3d20837664ca0a944321f72b01171.pdf,https://www.rdca.com/_files/ugd/5d13eb_c7b3d20837664ca0a944321f72b01171.pdf,5d13eb_c7b3d20837664ca0a944321f72b01171.pdf,pdf,application/pdf,896785,f04fa7a34b8d27bae29d194c7e98c358bc7ba7e161244a93fc46765f9aca8dc4,200,YES,www.rdca.com,NO,LINKED ONLY (hot-linked to old host),YES,EXTERNAL-DEPENDENCY
RDCA Constitution 2021/22,Veterans,new site /documents.html (site-data.js),https://www.rdca.com/_files/ugd/93eb8a_bd9553ab5f894123813939041e0ab0ff.pdf,https://www.rdca.com/_files/ugd/93eb8a_bd9553ab5f894123813939041e0ab0ff.pdf,93eb8a_bd9553ab5f894123813939041e0ab0ff.pdf,pdf,application/pdf,343301,7e7e142c1f67427573500c3d735045ac630239f46f69c943f54f72e259bc23a7,200,YES,www.rdca.com,NO,LINKED ONLY (hot-linked to old host),YES,EXTERNAL-DEPENDENCY
Women's East Rules 2025/26,Women's,new site /documents.html (site-data.js),https://www.rdca.com/_files/ugd/5d13eb_f761d7028cb34ed6a80ed7c314ab3c4f.pdf,https://www.rdca.com/_files/ugd/5d13eb_f761d7028cb34ed6a80ed7c314ab3c4f.pdf,5d13eb_f761d7028cb34ed6a80ed7c314ab3c4f.pdf,pdf,application/pdf,636450,152f6675fd2bd8b8f8344343acaa9261cbc03cd8c9d007e3fe495808e5c0c655,200,YES,www.rdca.com,NO,LINKED ONLY (hot-linked to old host),YES,EXTERNAL-DEPENDENCY
Discipline & Protests Framework 2025/26,Women's,new site /documents.html (site-data.js),https://www.rdca.com/_files/ugd/5d13eb_b3305ed8bc68421bb3427d9ea786205d.pdf,https://www.rdca.com/_files/ugd/5d13eb_b3305ed8bc68421bb3427d9ea786205d.pdf,5d13eb_b3305ed8bc68421bb3427d9ea786205d.pdf,pdf,application/pdf,264648,97669be7f3e323df222d640293fdfaaff941f4d96d3ab60538fee007d0357a1b,200,YES,www.rdca.com,NO,LINKED ONLY (hot-linked to old host),YES,EXTERNAL-DEPENDENCY
Code of Conduct — Captains 2025/26,Women's,new site /documents.html (site-data.js),https://www.rdca.com/_files/ugd/23872a_dd49cc301761453e9b8f9568a2f94e01.pdf,https://www.rdca.com/_files/ugd/23872a_dd49cc301761453e9b8f9568a2f94e01.pdf,23872a_dd49cc301761453e9b8f9568a2f94e01.pdf,pdf,application/pdf,224498,0e78a93404100862447af025002ac2e3d69539f926e6a265390674ef4e81062c,200,YES,www.rdca.com,NO,LINKED ONLY (hot-linked to old host),YES,EXTERNAL-DEPENDENCY
Code of Conduct — Players 2025/26,Women's,new site /documents.html (site-data.js),https://www.rdca.com/_files/ugd/23872a_b2a5fd52c19d4d6b914086e876204765.pdf,https://www.rdca.com/_files/ugd/23872a_b2a5fd52c19d4d6b914086e876204765.pdf,23872a_b2a5fd52c19d4d6b914086e876204765.pdf,pdf,application/pdf,196927,4a7b83bc51304d048d4c205fa92ec3e3841a44e5ee4bd1b0a166553978e90cc5,200,YES,www.rdca.com,NO,LINKED ONLY (hot-linked to old host),YES,EXTERNAL-DEPENDENCY
Member Protection By Law,Women's,new site /documents.html (site-data.js),https://www.rdca.com/_files/ugd/c846e3_4916c09b103f4a52b94ca2f554d2b540.pdf,https://www.rdca.com/_files/ugd/c846e3_4916c09b103f4a52b94ca2f554d2b540.pdf,c846e3_4916c09b103f4a52b94ca2f554d2b540.pdf,pdf,application/pdf,71437,c019c426c773593fbd0848f26c30025da2716af924b9337dc1587fcdd61d999b,200,YES,www.rdca.com,NO,LINKED ONLY (hot-linked to old host),YES,EXTERNAL-DEPENDENCY
Member Protection Policy,Women's,new site /documents.html (site-data.js),https://www.rdca.com/_files/ugd/c846e3_a8fd9209cf6541a5968832c02220cf6a.pdf,https://www.rdca.com/_files/ugd/c846e3_a8fd9209cf6541a5968832c02220cf6a.pdf,c846e3_a8fd9209cf6541a5968832c02220cf6a.pdf,pdf,application/pdf,1742688,a4eaecb0c0028dae3f29b1932724a0879eec7a3bfe144e02d460f3df35b5ebc2,200,YES,www.rdca.com,NO,LINKED ONLY (hot-linked to old host),YES,EXTERNAL-DEPENDENCY
Registration Form,Women's,new site /documents.html (site-data.js),https://www.rdca.com/_files/ugd/c846e3_7ca10e17623b49e8ad0a6e9e4b08f6c3.pdf,https://www.rdca.com/_files/ugd/c846e3_7ca10e17623b49e8ad0a6e9e4b08f6c3.pdf,c846e3_7ca10e17623b49e8ad0a6e9e4b08f6c3.pdf,pdf,application/pdf,77049,4cc807fee52870f0d70e0e143bace5b19fec78c965b742c5559d8e3be2588e06,200,YES,www.rdca.com,NO,LINKED ONLY (hot-linked to old host),YES,EXTERNAL-DEPENDENCY
Clearances & Transfers Guide,Women's,new site /documents.html (site-data.js),https://www.rdca.com/_files/ugd/c846e3_2337caa1f5584ee99832599a9812cdf3.pdf,https://www.rdca.com/_files/ugd/c846e3_2337caa1f5584ee99832599a9812cdf3.pdf,c846e3_2337caa1f5584ee99832599a9812cdf3.pdf,pdf,application/pdf,461315,19efa6ca6d8508921ee4a4ee4ecdb97d52491290b41fa93f687cf843cea32a32,200,YES,www.rdca.com,NO,LINKED ONLY (hot-linked to old host),YES,EXTERNAL-DEPENDENCY
MyCricket Results Entry Guide,Women's,new site /documents.html (site-data.js),https://www.rdca.com/_files/ugd/c846e3_7a6d5730dbc94944bdd8256f31bc8ba2.pdf,https://www.rdca.com/_files/ugd/c846e3_7a6d5730dbc94944bdd8256f31bc8ba2.pdf,c846e3_7a6d5730dbc94944bdd8256f31bc8ba2.pdf,pdf,application/pdf,589617,9c7d7b5c2e5170b051e726d703ffff29b18c52eced98624a3b4744495160c865,200,YES,www.rdca.com,NO,LINKED ONLY (hot-linked to old host),YES,EXTERNAL-DEPENDENCY
Cricket Ball Order Form 2025/26,Women's,new site /documents.html (site-data.js),https://www.rdca.com/_files/ugd/5d13eb_56cb020fd62c47f8aa1595960fbedea7.docx?dn=CRICKET%20BALL%20ORDER%20FORM%202025-26%20.docx,https://www.rdca.com/_files/ugd/5d13eb_56cb020fd62c47f8aa1595960fbedea7.docx,CRICKET BALL ORDER FORM 2025-26 .docx,doc,application/vnd.openxmlformats-officedocument.wordprocessingml.document,121265,9ba6ed34ceac6e55c4cb1065056d5b754fbc4cedcb6df17e9591b14e4f1f1dc5,200,YES,www.rdca.com,NO,LINKED ONLY (hot-linked to old host),YES,EXTERNAL-DEPENDENCY
Children & Young People Policy,Women's,new site /documents.html (site-data.js),https://www.rdca.com/_files/ugd/5d13eb_50ec172962db450a85ac926f9f1ce71e.pdf,https://www.rdca.com/_files/ugd/5d13eb_50ec172962db450a85ac926f9f1ce71e.pdf,5d13eb_50ec172962db450a85ac926f9f1ce71e.pdf,pdf,application/pdf,8042179,0c53d1f22b291fc82cc0866aead19a80fa40551b135bd66319854e8010a3a539,200,YES,www.rdca.com,NO,LINKED ONLY (hot-linked to old host),YES,EXTERNAL-DEPENDENCY
Looking After Our Kids,Women's,new site /documents.html (site-data.js),https://www.rdca.com/_files/ugd/5d13eb_8fc85fe2be194b16aeae2526d5955372.pdf,https://www.rdca.com/_files/ugd/5d13eb_8fc85fe2be194b16aeae2526d5955372.pdf,5d13eb_8fc85fe2be194b16aeae2526d5955372.pdf,pdf,application/pdf,12566694,dfc00f22a9622b7d9bb09737efcc5eefceecbbeabec364c51659d5781457770c,200,YES,www.rdca.com,NO,LINKED ONLY (hot-linked to old host),YES,EXTERNAL-DEPENDENCY
Action Plan — Commitment Statement,Women's,new site /documents.html (site-data.js),https://www.rdca.com/_files/ugd/5d13eb_aed92464d2e5486594b707c9707ea38b.pdf,https://www.rdca.com/_files/ugd/5d13eb_aed92464d2e5486594b707c9707ea38b.pdf,5d13eb_aed92464d2e5486594b707c9707ea38b.pdf,pdf,application/pdf,1745939,3dbb31da2c186fc20fe20685df14c1245106fead73ca2a41ad58e9c5f847058e,200,YES,www.rdca.com,NO,LINKED ONLY (hot-linked to old host),YES,EXTERNAL-DEPENDENCY
Ball Ordering Instructions,Women's,new site /documents.html (site-data.js),https://www.rdca.com/_files/ugd/5d13eb_c7b3d20837664ca0a944321f72b01171.pdf,https://www.rdca.com/_files/ugd/5d13eb_c7b3d20837664ca0a944321f72b01171.pdf,5d13eb_c7b3d20837664ca0a944321f72b01171.pdf,pdf,application/pdf,896785,f04fa7a34b8d27bae29d194c7e98c358bc7ba7e161244a93fc46765f9aca8dc4,200,YES,www.rdca.com,NO,LINKED ONLY (hot-linked to old host),YES,EXTERNAL-DEPENDENCY
Business Continuity Plan,Women's,new site /documents.html (site-data.js),https://www.rdca.com/_files/ugd/c846e3_7a9d4dfb5bac4134932b34845795a179.pdf,https://www.rdca.com/_files/ugd/c846e3_7a9d4dfb5bac4134932b34845795a179.pdf,c846e3_7a9d4dfb5bac4134932b34845795a179.pdf,pdf,application/pdf,242406,8c1f2c28e5ef1c18f5b702d385dd761b03417fe5c8ab74ba79f21850d8bcd6e7,200,YES,www.rdca.com,NO,LINKED ONLY (hot-linked to old host),YES,EXTERNAL-DEPENDENCY
RDCA Constitution 2021/22,Women's,new site /documents.html (site-data.js),https://www.rdca.com/_files/ugd/93eb8a_bd9553ab5f894123813939041e0ab0ff.pdf,https://www.rdca.com/_files/ugd/93eb8a_bd9553ab5f894123813939041e0ab0ff.pdf,93eb8a_bd9553ab5f894123813939041e0ab0ff.pdf,pdf,application/pdf,343301,7e7e142c1f67427573500c3d735045ac630239f46f69c943f54f72e259bc23a7,200,YES,www.rdca.com,NO,LINKED ONLY (hot-linked to old host),YES,EXTERNAL-DEPENDENCY
Junior Documents,By Section,new site /documents.html (site-data.js),https://www.rdca.com/juniors-documents,https://www.rdca.com/juniors-documents,juniors-documents,hub,text/html,949789,0b1bb6b8a2c5997a4d1e4b5919738c52089b0cb1c57e3643fcc606cf2bb464f6,200,"NO - links to an HTML page, not a document",www.rdca.com,NO,LINKED ONLY (hot-linked to old host),YES,EXTERNAL-DEPENDENCY
Seniors Documents,By Section,new site /documents.html (site-data.js),https://www.rdca.com/seniors-documents,https://www.rdca.com/seniors-documents,seniors-documents,hub,text/html,987248,191e10d967a2f0d22be15be1c3a53601b5fa1bf926c54f2389c4241671071b2a,200,"NO - links to an HTML page, not a document",www.rdca.com,NO,LINKED ONLY (hot-linked to old host),YES,EXTERNAL-DEPENDENCY
Umpire Documents,By Section,new site /documents.html (site-data.js),https://www.rdca.com/umpires-documents,https://www.rdca.com/umpires-documents,umpires-documents,hub,text/html,910260,50afc5a312145138877eb3fadac1f41d25394f499dba6f16d41b3098c799e7d6,200,"NO - links to an HTML page, not a document",www.rdca.com,NO,LINKED ONLY (hot-linked to old host),YES,EXTERNAL-DEPENDENCY
Safeguarding Children & Young People Policy,Child Safety,new site /documents.html (site-data.js),https://resources.playcommunity.pulselive.com/playcommunity/document/2024/11/27/9ddd3384-e1e0-4488-9d3a-dc25eaeefa71/Australian-Cricket-s-Policy-for-Safeguarding-Children-Young-People.pdf,https://resources.playcommunity.pulselive.com/playcommunity/document/2024/11/27/9ddd3384-e1e0-4488-9d3a-dc25eaeefa71/Australian-Cricket-s-Policy-for-Safeguarding-Children-Young-People.pdf,Australian-Cricket-s-Policy-for-Safeguarding-Children-Young-People.pdf,pdf,application/pdf,8042179,0c53d1f22b291fc82cc0866aead19a80fa40551b135bd66319854e8010a3a539,200,YES,resources.playcommunity.pulselive.com,NO,LINKED ONLY (hot-linked to old host),NO (third-party),EXTERNAL-DEPENDENCY (third-party)
'Looking After Our Kids' Code of Behaviour,Child Safety,new site /documents.html (site-data.js),https://resources.playcommunity.pulselive.com/playcommunity/document/2024/11/27/7587ce1b-83d1-4c80-aa92-8d085ec1faf0/Australian-Cricket-s-Looking-After-Our-Kids-Code-of-Behaviour.pdf,https://resources.playcommunity.pulselive.com/playcommunity/document/2024/11/27/7587ce1b-83d1-4c80-aa92-8d085ec1faf0/Australian-Cricket-s-Looking-After-Our-Kids-Code-of-Behaviour.pdf,Australian-Cricket-s-Looking-After-Our-Kids-Code-of-Behaviour.pdf,pdf,application/pdf,12566694,dfc00f22a9622b7d9bb09737efcc5eefceecbbeabec364c51659d5781457770c,200,YES,resources.playcommunity.pulselive.com,NO,LINKED ONLY (hot-linked to old host),NO (third-party),EXTERNAL-DEPENDENCY (third-party)
Commitment to Safeguarding Children & Young People,Child Safety,new site /documents.html (site-data.js),https://resources.playcommunity.pulselive.com/playcommunity/document/2024/11/27/850b4058-29f6-4d85-a3d8-b44202221d7c/Australian-Cricket-s-Statement-of-Commitment-for-Safeguarding-Children-and-Young-People.pdf,https://resources.playcommunity.pulselive.com/playcommunity/document/2024/11/27/850b4058-29f6-4d85-a3d8-b44202221d7c/Australian-Cricket-s-Statement-of-Commitment-for-Safeguarding-Children-and-Young-People.pdf,Australian-Cricket-s-Statement-of-Commitment-for-Safeguarding-Children-and-Young-People.pdf,pdf,application/pdf,1745939,3dbb31da2c186fc20fe20685df14c1245106fead73ca2a41ad58e9c5f847058e,200,YES,resources.playcommunity.pulselive.com,NO,LINKED ONLY (hot-linked to old host),NO (third-party),EXTERNAL-DEPENDENCY (third-party)
Cricket Victoria Member Protection Policy 2024,Child Safety,new site /documents.html (site-data.js),https://www.cricketvictoria.com.au/wp-content/uploads/2024/11/2024-Member-Protection-Policy.pdf,https://www.cricketvictoria.com.au/wp-content/uploads/2024/11/2024-Member-Protection-Policy.pdf,2024-Member-Protection-Policy.pdf,pdf,application/pdf,357813,17ef2565b9321be6a152a5dac099e865faf6a26d16e7fb07d653585df71778b7,200,YES,www.cricketvictoria.com.au,NO,LINKED ONLY (hot-linked to old host),NO (third-party),EXTERNAL-DEPENDENCY (third-party)
Member Protection Policy By-Law,Child Safety,new site /documents.html (site-data.js),https://www.cricketvictoria.com.au/wp-content/uploads/2021/12/Member-Protection-Policy-ByLaw-07-12-2021.pdf,https://www.cricketvictoria.com.au/wp-content/uploads/2021/12/Member-Protection-Policy-ByLaw-07-12-2021.pdf,Member-Protection-Policy-ByLaw-07-12-2021.pdf,pdf,application/pdf,438364,0f0218d136564d13c7567b7d9c845e819b8f806d1dcdae052c833e9054722732,200,YES,www.cricketvictoria.com.au,NO,LINKED ONLY (hot-linked to old host),NO (third-party),EXTERNAL-DEPENDENCY (third-party)
