old_url,record_type,label,http,bytes,text_chars,tables,table_rows,new_url,new_equivalent,status,match_confidence,notes
https://honours.rdca.com/index.php?ID=allrounder,All-Rounder trophies,All Rounder Trophies,200,22127,2608,4,79,,NONE,MISSING,high,No equivalent on the new site. New site carries 42 table rows in total across all pages.
https://honours.rdca.com/index.php?ID=averages&grade=121,Batting/bowling averages (by grade),Under 12-1 Averages,200,21908,3076,1,48,,NONE,MISSING,high,No equivalent on the new site. New site carries 42 table rows in total across all pages.
https://honours.rdca.com/index.php?ID=averages&grade=121F,Batting/bowling averages (by grade),Under 12-1F Averages,200,1600,219,1,4,,NONE,MISSING,high,No equivalent on the new site. New site carries 42 table rows in total across all pages.
https://honours.rdca.com/index.php?ID=averages&grade=122,Batting/bowling averages (by grade),Under 12-2 Averages,200,19098,2651,1,42,,NONE,MISSING,high,No equivalent on the new site. New site carries 42 table rows in total across all pages.
https://honours.rdca.com/index.php?ID=averages&grade=122F,Batting/bowling averages (by grade),Under 12-2F Averages,200,1199,165,1,3,,NONE,MISSING,high,No equivalent on the new site. New site carries 42 table rows in total across all pages.
https://honours.rdca.com/index.php?ID=averages&grade=123,Batting/bowling averages (by grade),Under 12-3 Averages,200,18110,2448,1,40,,NONE,MISSING,high,No equivalent on the new site. New site carries 42 table rows in total across all pages.
https://honours.rdca.com/index.php?ID=averages&grade=124,Batting/bowling averages (by grade),Under 12-4 Averages,200,16821,2295,1,37,,NONE,MISSING,high,No equivalent on the new site. New site carries 42 table rows in total across all pages.
https://honours.rdca.com/index.php?ID=averages&grade=125,Batting/bowling averages (by grade),Under 12-5 Averages,200,4855,650,1,11,,NONE,MISSING,high,No equivalent on the new site. New site carries 42 table rows in total across all pages.
https://honours.rdca.com/index.php?ID=averages&grade=131,Batting/bowling averages (by grade),Under 13-1 Averages,200,1190,156,1,3,,NONE,MISSING,high,No equivalent on the new site. New site carries 42 table rows in total across all pages.
https://honours.rdca.com/index.php?ID=averages&grade=141,Batting/bowling averages (by grade),Under 14-1 Averages,200,22361,3088,1,49,,NONE,MISSING,high,No equivalent on the new site. New site carries 42 table rows in total across all pages.
https://honours.rdca.com/index.php?ID=averages&grade=142,Batting/bowling averages (by grade),Under 14-2 Averages,200,20876,2844,1,46,,NONE,MISSING,high,No equivalent on the new site. New site carries 42 table rows in total across all pages.
https://honours.rdca.com/index.php?ID=averages&grade=143,Batting/bowling averages (by grade),Under 14-3 Averages,200,20004,2747,1,44,,NONE,MISSING,high,No equivalent on the new site. New site carries 42 table rows in total across all pages.
https://honours.rdca.com/index.php?ID=averages&grade=144,Batting/bowling averages (by grade),Under 14-4 Averages,200,15882,2158,1,35,,NONE,MISSING,high,No equivalent on the new site. New site carries 42 table rows in total across all pages.
https://honours.rdca.com/index.php?ID=averages&grade=145,Batting/bowling averages (by grade),Under 14-5 Averages,200,2111,285,1,5,,NONE,MISSING,high,No equivalent on the new site. New site carries 42 table rows in total across all pages.
https://honours.rdca.com/index.php?ID=averages&grade=161,Batting/bowling averages (by grade),Under 16-1 Averages,200,27307,3726,1,60,,NONE,MISSING,high,No equivalent on the new site. New site carries 42 table rows in total across all pages.
https://honours.rdca.com/index.php?ID=averages&grade=162,Batting/bowling averages (by grade),Under 16-2 Averages,200,25200,3561,1,55,,NONE,MISSING,high,No equivalent on the new site. New site carries 42 table rows in total across all pages.
https://honours.rdca.com/index.php?ID=averages&grade=163,Batting/bowling averages (by grade),Under 16-3 Averages,200,19127,2676,1,42,,NONE,MISSING,high,No equivalent on the new site. New site carries 42 table rows in total across all pages.
https://honours.rdca.com/index.php?ID=averages&grade=164,Batting/bowling averages (by grade),Under 16-4 Averages,200,13611,1921,1,30,,NONE,MISSING,high,No equivalent on the new site. New site carries 42 table rows in total across all pages.
https://honours.rdca.com/index.php?ID=averages&grade=171,Batting/bowling averages (by grade),Under 17-1 Averages,200,1610,232,1,4,,NONE,MISSING,high,No equivalent on the new site. New site carries 42 table rows in total across all pages.
https://honours.rdca.com/index.php?ID=averages&grade=181,Batting/bowling averages (by grade),Under 18-1 Averages,200,3968,558,1,9,,NONE,MISSING,high,No equivalent on the new site. New site carries 42 table rows in total across all pages.
https://honours.rdca.com/index.php?ID=averages&grade=AGR,Batting/bowling averages (by grade),A Grade Averages,200,7173,1038,1,16,,NONE,MISSING,high,No equivalent on the new site. New site carries 42 table rows in total across all pages.
https://honours.rdca.com/index.php?ID=averages&grade=BGR,Batting/bowling averages (by grade),B Grade Averages,200,7627,1034,1,17,,NONE,MISSING,high,No equivalent on the new site. New site carries 42 table rows in total across all pages.
https://honours.rdca.com/index.php?ID=averages&grade=CD2,Batting/bowling averages (by grade),C Division 2 Averages,200,2119,292,1,5,,NONE,MISSING,high,No equivalent on the new site. New site carries 42 table rows in total across all pages.
https://honours.rdca.com/index.php?ID=averages&grade=CD3,Batting/bowling averages (by grade),C Division 3 Averages,200,1608,226,1,4,,NONE,MISSING,high,No equivalent on the new site. New site carries 42 table rows in total across all pages.
https://honours.rdca.com/index.php?ID=averages&grade=CD4,Batting/bowling averages (by grade),C Division 4 Averages,200,1187,153,1,3,,NONE,MISSING,high,No equivalent on the new site. New site carries 42 table rows in total across all pages.
https://honours.rdca.com/index.php?ID=averages&grade=CGR,Batting/bowling averages (by grade),C Grade Averages,200,33456,4607,1,73,,NONE,MISSING,high,No equivalent on the new site. New site carries 42 table rows in total across all pages.
https://honours.rdca.com/index.php?ID=averages&grade=CH1,Batting/bowling averages (by grade),Trollope Shield Averages,200,40565,5745,1,88,,NONE,MISSING,high,No equivalent on the new site. New site carries 42 table rows in total across all pages.
https://honours.rdca.com/index.php?ID=averages&grade=CH2,Batting/bowling averages (by grade),Chandler Shield Reserves Averages,200,14172,2004,1,31,,NONE,MISSING,high,No equivalent on the new site. New site carries 42 table rows in total across all pages.
https://honours.rdca.com/index.php?ID=averages&grade=CH3,Batting/bowling averages (by grade),Chandler 3 Averages,200,9909,1394,1,22,,NONE,MISSING,high,No equivalent on the new site. New site carries 42 table rows in total across all pages.
https://honours.rdca.com/index.php?ID=averages&grade=CH4,Batting/bowling averages (by grade),Chandler 4 Averages,200,10424,1457,1,23,,NONE,MISSING,high,No equivalent on the new site. New site carries 42 table rows in total across all pages.
https://honours.rdca.com/index.php?ID=averages&grade=CH5,Batting/bowling averages (by grade),Chandler 5 Averages,200,3024,405,1,7,,NONE,MISSING,high,No equivalent on the new site. New site carries 42 table rows in total across all pages.
https://honours.rdca.com/index.php?ID=averages&grade=CH6,Batting/bowling averages (by grade),Chandler 6 Averages,200,1600,218,1,4,,NONE,MISSING,high,No equivalent on the new site. New site carries 42 table rows in total across all pages.
https://honours.rdca.com/index.php?ID=averages&grade=DGR,Batting/bowling averages (by grade),D Grade Averages,200,24729,3484,1,54,,NONE,MISSING,high,No equivalent on the new site. New site carries 42 table rows in total across all pages.
https://honours.rdca.com/index.php?ID=averages&grade=EGR,Batting/bowling averages (by grade),E Grade Averages,200,21012,2967,1,46,,NONE,MISSING,high,No equivalent on the new site. New site carries 42 table rows in total across all pages.
https://honours.rdca.com/index.php?ID=averages&grade=FGR,Batting/bowling averages (by grade),F Grade Averages,200,17346,2488,1,38,,NONE,MISSING,high,No equivalent on the new site. New site carries 42 table rows in total across all pages.
https://honours.rdca.com/index.php?ID=averages&grade=GGR,Batting/bowling averages (by grade),G Grade Averages,200,14171,2029,1,31,,NONE,MISSING,high,No equivalent on the new site. New site carries 42 table rows in total across all pages.
https://honours.rdca.com/index.php?ID=averages&grade=HGR,Batting/bowling averages (by grade),H Grade Averages,200,9907,1387,1,22,,NONE,MISSING,high,No equivalent on the new site. New site carries 42 table rows in total across all pages.
https://honours.rdca.com/index.php?ID=averages&grade=IGR,Batting/bowling averages (by grade),I Grade Averages,200,8606,1225,1,19,,NONE,MISSING,high,No equivalent on the new site. New site carries 42 table rows in total across all pages.
https://honours.rdca.com/index.php?ID=averages&grade=JGR,Batting/bowling averages (by grade),J Grade Averages,200,5842,841,1,13,,NONE,MISSING,high,No equivalent on the new site. New site carries 42 table rows in total across all pages.
https://honours.rdca.com/index.php?ID=averages&grade=KGR,Batting/bowling averages (by grade),K Grade Averages,200,5302,746,1,12,,NONE,MISSING,high,No equivalent on the new site. New site carries 42 table rows in total across all pages.
https://honours.rdca.com/index.php?ID=averages&grade=LGR,Batting/bowling averages (by grade),L Grade Averages,200,3980,568,1,9,,NONE,MISSING,high,No equivalent on the new site. New site carries 42 table rows in total across all pages.
https://honours.rdca.com/index.php?ID=averages&grade=MGR,Batting/bowling averages (by grade),M Grade Averages,200,3049,431,1,7,,NONE,MISSING,high,No equivalent on the new site. New site carries 42 table rows in total across all pages.
https://honours.rdca.com/index.php?ID=averages&grade=NW1,Batting/bowling averages (by grade),Newey Plate Averages,200,37166,5112,1,81,,NONE,MISSING,high,No equivalent on the new site. New site carries 42 table rows in total across all pages.
https://honours.rdca.com/index.php?ID=averages&grade=NW2,Batting/bowling averages (by grade),Newey Plate Reserves Averages,200,9616,1424,1,21,,NONE,MISSING,high,No equivalent on the new site. New site carries 42 table rows in total across all pages.
https://honours.rdca.com/index.php?ID=averages&grade=NW3,Batting/bowling averages (by grade),B 3 Averages,200,2093,265,1,5,,NONE,MISSING,high,No equivalent on the new site. New site carries 42 table rows in total across all pages.
https://honours.rdca.com/index.php?ID=averages&grade=OGR,Batting/bowling averages (by grade),One Day Grade Averages,200,3948,532,1,9,,NONE,MISSING,high,No equivalent on the new site. New site carries 42 table rows in total across all pages.
https://honours.rdca.com/index.php?ID=averages&grade=PSH,Batting/bowling averages (by grade),Pascoe Shield Averages,200,2536,363,1,6,,NONE,MISSING,high,No equivalent on the new site. New site carries 42 table rows in total across all pages.
https://honours.rdca.com/index.php?ID=averages&grade=WK1,Batting/bowling averages (by grade),Wilkins Cup Averages,200,24820,3568,1,54,,NONE,MISSING,high,No equivalent on the new site. New site carries 42 table rows in total across all pages.
https://honours.rdca.com/index.php?ID=averages&grade=WK2,Batting/bowling averages (by grade),Wilkins Cup Reserves Averages,200,12798,1862,1,28,,NONE,MISSING,high,No equivalent on the new site. New site carries 42 table rows in total across all pages.
https://honours.rdca.com/index.php?ID=averages&grade=WK3,Batting/bowling averages (by grade),A 3 Averages,200,8693,1283,1,19,,NONE,MISSING,high,No equivalent on the new site. New site carries 42 table rows in total across all pages.
https://honours.rdca.com/index.php?ID=averages&grade=WK4,Batting/bowling averages (by grade),A 4 Averages,200,4359,599,1,10,,NONE,MISSING,high,No equivalent on the new site. New site carries 42 table rows in total across all pages.
https://honours.rdca.com/index.php?ID=averages&grade=WK5,Batting/bowling averages (by grade),A 5 Averages,200,2110,285,1,5,,NONE,MISSING,high,No equivalent on the new site. New site carries 42 table rows in total across all pages.
https://honours.rdca.com/index.php?ID=awards&club=10,Club award history,Eastfield,200,8244,1411,5,39,,NONE,MISSING,high,No equivalent on the new site. New site carries 42 table rows in total across all pages.
https://honours.rdca.com/index.php?ID=awards&club=13,Club award history,Heathmont,200,14806,2544,4,68,,NONE,MISSING,high,No equivalent on the new site. New site carries 42 table rows in total across all pages.
https://honours.rdca.com/index.php?ID=awards&club=14,Club award history,Heathmont Baptists,200,6389,1066,4,29,,NONE,MISSING,high,No equivalent on the new site. New site carries 42 table rows in total across all pages.
https://honours.rdca.com/index.php?ID=awards&club=15,Club award history,Kilsyth,200,23048,3977,5,107,,NONE,MISSING,high,No equivalent on the new site. New site carries 42 table rows in total across all pages.
https://honours.rdca.com/index.php?ID=awards&club=17,Club award history,Knox City,200,10224,1741,3,46,,NONE,MISSING,high,No equivalent on the new site. New site carries 42 table rows in total across all pages.
https://honours.rdca.com/index.php?ID=awards&club=18,Club award history,Lilydale,200,20062,3506,6,95,,NONE,MISSING,high,No equivalent on the new site. New site carries 42 table rows in total across all pages.
https://honours.rdca.com/index.php?ID=awards&club=19,Club award history,Montrose,200,20914,3615,5,97,,NONE,MISSING,high,No equivalent on the new site. New site carries 42 table rows in total across all pages.
https://honours.rdca.com/index.php?ID=awards&club=2,Club award history,Ainslie Park,200,21833,3777,7,105,,NONE,MISSING,high,No equivalent on the new site. New site carries 42 table rows in total across all pages.
https://honours.rdca.com/index.php?ID=awards&club=20,Club award history,Mooroolbark,200,23883,4081,7,114,,NONE,MISSING,high,No equivalent on the new site. New site carries 42 table rows in total across all pages.
https://honours.rdca.com/index.php?ID=awards&club=21,Club award history,Mt Evelyn,200,8157,1403,3,37,,NONE,MISSING,high,No equivalent on the new site. New site carries 42 table rows in total across all pages.
https://honours.rdca.com/index.php?ID=awards&club=22,Club award history,North Ringwood,200,31233,5402,7,150,,NONE,MISSING,high,No equivalent on the new site. New site carries 42 table rows in total across all pages.
https://honours.rdca.com/index.php?ID=awards&club=24,Club award history,Norwood,200,19219,3408,7,92,,NONE,MISSING,high,No equivalent on the new site. New site carries 42 table rows in total across all pages.
https://honours.rdca.com/index.php?ID=awards&club=25,Club award history,Olinda,200,15309,2652,4,71,,NONE,MISSING,high,No equivalent on the new site. New site carries 42 table rows in total across all pages.
https://honours.rdca.com/index.php?ID=awards&club=26,Club award history,Ringwood,200,25920,4350,5,123,,NONE,MISSING,high,No equivalent on the new site. New site carries 42 table rows in total across all pages.
https://honours.rdca.com/index.php?ID=awards&club=27,Club award history,Scoresby/Ferndale,200,10660,1870,4,49,,NONE,MISSING,high,No equivalent on the new site. New site carries 42 table rows in total across all pages.
https://honours.rdca.com/index.php?ID=awards&club=28,Club award history,South Croydon,200,17821,3020,6,84,,NONE,MISSING,high,No equivalent on the new site. New site carries 42 table rows in total across all pages.
https://honours.rdca.com/index.php?ID=awards&club=29,Club award history,St Andrews,200,25646,4386,7,123,,NONE,MISSING,high,No equivalent on the new site. New site carries 42 table rows in total across all pages.
https://honours.rdca.com/index.php?ID=awards&club=3,Club award history,Bayswater Park,200,14762,2556,6,70,,NONE,MISSING,high,No equivalent on the new site. New site carries 42 table rows in total across all pages.
https://honours.rdca.com/index.php?ID=awards&club=30,Club award history,Sth Warrandyte Hawks,200,15948,2763,6,75,,NONE,MISSING,high,No equivalent on the new site. New site carries 42 table rows in total across all pages.
https://honours.rdca.com/index.php?ID=awards&club=31,Club award history,Templeton,200,22347,3810,6,106,,NONE,MISSING,high,No equivalent on the new site. New site carries 42 table rows in total across all pages.
https://honours.rdca.com/index.php?ID=awards&club=32,Club award history,Wantirna,200,11981,2031,3,55,,NONE,MISSING,high,No equivalent on the new site. New site carries 42 table rows in total across all pages.
https://honours.rdca.com/index.php?ID=awards&club=33,Club award history,Wantirna South,200,23381,4006,6,110,,NONE,MISSING,high,No equivalent on the new site. New site carries 42 table rows in total across all pages.
https://honours.rdca.com/index.php?ID=awards&club=34,Club award history,Warrandyte,200,20806,3636,5,96,,NONE,MISSING,high,No equivalent on the new site. New site carries 42 table rows in total across all pages.
https://honours.rdca.com/index.php?ID=awards&club=35,Club award history,Warranwood,200,30737,5275,7,147,,NONE,MISSING,high,No equivalent on the new site. New site carries 42 table rows in total across all pages.
https://honours.rdca.com/index.php?ID=awards&club=36,Club award history,Wonga Park,200,32942,5546,7,160,,NONE,MISSING,high,No equivalent on the new site. New site carries 42 table rows in total across all pages.
https://honours.rdca.com/index.php?ID=awards&club=37,Club award history,Ringwood RSL,200,6008,1016,3,27,,NONE,MISSING,high,No equivalent on the new site. New site carries 42 table rows in total across all pages.
https://honours.rdca.com/index.php?ID=awards&club=38,Club award history,Vermont,200,7860,1356,5,36,,NONE,MISSING,high,No equivalent on the new site. New site carries 42 table rows in total across all pages.
https://honours.rdca.com/index.php?ID=awards&club=39,Club award history,Ferntree Gully,200,10475,1881,5,49,,NONE,MISSING,high,No equivalent on the new site. New site carries 42 table rows in total across all pages.
https://honours.rdca.com/index.php?ID=awards&club=4,Club award history,Boronia,200,18238,3126,3,83,,NONE,MISSING,high,No equivalent on the new site. New site carries 42 table rows in total across all pages.
https://honours.rdca.com/index.php?ID=awards&club=40,Club award history,Glen Park,200,5875,1013,3,26,,NONE,MISSING,high,No equivalent on the new site. New site carries 42 table rows in total across all pages.
https://honours.rdca.com/index.php?ID=awards&club=42,Club award history,Park Orchards,200,1108,178,2,4,,NONE,MISSING,high,No equivalent on the new site. New site carries 42 table rows in total across all pages.
https://honours.rdca.com/index.php?ID=awards&club=43,Club award history,Academy,200,2618,441,3,11,,NONE,MISSING,high,No equivalent on the new site. New site carries 42 table rows in total across all pages.
https://honours.rdca.com/index.php?ID=awards&club=44,Club award history,Knox Gardens,200,5836,1032,3,26,,NONE,MISSING,high,No equivalent on the new site. New site carries 42 table rows in total across all pages.
https://honours.rdca.com/index.php?ID=awards&club=45,Club award history,Yarra Valley,200,2258,357,2,9,,NONE,MISSING,high,No equivalent on the new site. New site carries 42 table rows in total across all pages.
https://honours.rdca.com/index.php?ID=awards&club=48,Club award history,Bayswater,200,1612,264,2,6,,NONE,MISSING,high,No equivalent on the new site. New site carries 42 table rows in total across all pages.
https://honours.rdca.com/index.php?ID=awards&club=5,Club award history,Chirnside Park,200,7980,1376,3,36,,NONE,MISSING,high,No equivalent on the new site. New site carries 42 table rows in total across all pages.
https://honours.rdca.com/index.php?ID=awards&club=50,Club award history,Boronia Churches,200,3742,613,2,16,,NONE,MISSING,high,No equivalent on the new site. New site carries 42 table rows in total across all pages.
https://honours.rdca.com/index.php?ID=awards&club=52,Club award history,Aquinas,200,1395,221,2,5,,NONE,MISSING,high,No equivalent on the new site. New site carries 42 table rows in total across all pages.
https://honours.rdca.com/index.php?ID=awards&club=53,Club award history,Westwood,200,1189,191,1,4,,NONE,MISSING,high,No equivalent on the new site. New site carries 42 table rows in total across all pages.
https://honours.rdca.com/index.php?ID=awards&club=54,Club award history,Johnson Park,200,4430,757,2,19,,NONE,MISSING,high,No equivalent on the new site. New site carries 42 table rows in total across all pages.
https://honours.rdca.com/index.php?ID=awards&club=55,Club award history,Croydon High School,200,1822,304,2,7,,NONE,MISSING,high,No equivalent on the new site. New site carries 42 table rows in total across all pages.
https://honours.rdca.com/index.php?ID=awards&club=56,Club award history,Knoxfield,200,3983,654,2,17,,NONE,MISSING,high,No equivalent on the new site. New site carries 42 table rows in total across all pages.
https://honours.rdca.com/index.php?ID=awards&club=58,Club award history,Valley,200,768,100,1,2,,NONE,MISSING,high,No equivalent on the new site. New site carries 42 table rows in total across all pages.
https://honours.rdca.com/index.php?ID=awards&club=59,Club award history,Bayswater North,200,774,106,1,2,,NONE,MISSING,high,No equivalent on the new site. New site carries 42 table rows in total across all pages.
https://honours.rdca.com/index.php?ID=awards&club=6,Club award history,Croydon,200,10839,1816,3,50,,NONE,MISSING,high,No equivalent on the new site. New site carries 42 table rows in total across all pages.
https://honours.rdca.com/index.php?ID=awards&club=61,Club award history,Knox Churches,200,1171,197,2,4,,NONE,MISSING,high,No equivalent on the new site. New site carries 42 table rows in total across all pages.
https://honours.rdca.com/index.php?ID=awards&club=62,Club award history,Heathmont Uniting,200,2859,483,2,12,,NONE,MISSING,high,No equivalent on the new site. New site carries 42 table rows in total across all pages.
https://honours.rdca.com/index.php?ID=awards&club=64,Club award history,Belgrave,200,943,143,1,3,,NONE,MISSING,high,No equivalent on the new site. New site carries 42 table rows in total across all pages.
https://honours.rdca.com/index.php?ID=awards&club=65,Club award history,CYMS,200,749,94,1,2,,NONE,MISSING,high,No equivalent on the new site. New site carries 42 table rows in total across all pages.
https://honours.rdca.com/index.php?ID=awards&club=67,Club award history,Upwey United,200,755,100,1,2,,NONE,MISSING,high,No equivalent on the new site. New site carries 42 table rows in total across all pages.
https://honours.rdca.com/index.php?ID=awards&club=68,Club award history,Tunstall,200,749,94,1,2,,NONE,MISSING,high,No equivalent on the new site. New site carries 42 table rows in total across all pages.
https://honours.rdca.com/index.php?ID=awards&club=69,Club award history,Ringwood S.A.,200,1826,282,2,7,,NONE,MISSING,high,No equivalent on the new site. New site carries 42 table rows in total across all pages.
https://honours.rdca.com/index.php?ID=awards&club=7,Club award history,Croydon North,200,24121,4136,7,115,,NONE,MISSING,high,No equivalent on the new site. New site carries 42 table rows in total across all pages.
https://honours.rdca.com/index.php?ID=awards&club=70,Club award history,Oxley,200,957,133,1,3,,NONE,MISSING,high,No equivalent on the new site. New site carries 42 table rows in total across all pages.
https://honours.rdca.com/index.php?ID=awards&club=71,Club award history,P.B.A.,200,766,99,1,2,,NONE,MISSING,high,No equivalent on the new site. New site carries 42 table rows in total across all pages.
https://honours.rdca.com/index.php?ID=awards&club=73,Club award history,Blackburn North,200,774,107,1,2,,NONE,MISSING,high,No equivalent on the new site. New site carries 42 table rows in total across all pages.
https://honours.rdca.com/index.php?ID=awards&club=8,Club award history,Croydon Ranges,200,26103,4507,5,122,,NONE,MISSING,high,No equivalent on the new site. New site carries 42 table rows in total across all pages.
https://honours.rdca.com/index.php?ID=awards&club=9,Club award history,East Ringwood,200,23517,4004,6,110,,NONE,MISSING,high,No equivalent on the new site. New site carries 42 table rows in total across all pages.
https://honours.rdca.com/index.php?ID=bac,Best Administered Club,Best Administered Club,200,1396,155,1,6,,NONE,MISSING,high,No equivalent on the new site. New site carries 42 table rows in total across all pages.
https://honours.rdca.com/index.php?ID=bestfairest,Best & Fairest medals,Best and Fairest Medals,200,27134,4923,4,127,,NONE,MISSING,high,No equivalent on the new site. New site carries 42 table rows in total across all pages.
https://honours.rdca.com/index.php?ID=jnrcc,Honours record (other),Club Championship,200,6260,757,1,32,,NONE,MISSING,high,No equivalent on the new site. New site carries 42 table rows in total across all pages.
https://honours.rdca.com/index.php?ID=mostpromisingplayer,Honours record (other),Most Promising Player,200,8333,1209,1,36,,NONE,MISSING,high,No equivalent on the new site. New site carries 42 table rows in total across all pages.
https://honours.rdca.com/index.php?ID=other,Other awards,Other Awards,200,21671,3732,1,79,,NONE,MISSING,high,No equivalent on the new site. New site carries 42 table rows in total across all pages.
https://honours.rdca.com/index.php?ID=premiers&club=10,Premierships (index),Eastfield,200,3124,617,1,19,,NONE,MISSING,high,No equivalent on the new site. New site carries 42 table rows in total across all pages.
https://honours.rdca.com/index.php?ID=premiers&club=11,Premierships (index),Eley Park,200,579,64,1,2,,NONE,MISSING,high,No equivalent on the new site. New site carries 42 table rows in total across all pages.
https://honours.rdca.com/index.php?ID=premiers&club=13,Premierships (index),Heathmont,200,5832,1305,1,36,,NONE,MISSING,high,No equivalent on the new site. New site carries 42 table rows in total across all pages.
https://honours.rdca.com/index.php?ID=premiers&club=14,Premierships (index),Heathmont Baptists,200,1879,316,1,11,,NONE,MISSING,high,No equivalent on the new site. New site carries 42 table rows in total across all pages.
https://honours.rdca.com/index.php?ID=premiers&club=15,Premierships (index),Kilsyth,200,10546,2139,1,69,,NONE,MISSING,high,No equivalent on the new site. New site carries 42 table rows in total across all pages.
https://honours.rdca.com/index.php?ID=premiers&club=17,Premierships (index),Knox City,200,2410,479,1,14,,NONE,MISSING,high,No equivalent on the new site. New site carries 42 table rows in total across all pages.
https://honours.rdca.com/index.php?ID=premiers&club=18,Premierships (index),Lilydale,200,8597,1842,1,55,,NONE,MISSING,high,No equivalent on the new site. New site carries 42 table rows in total across all pages.
https://honours.rdca.com/index.php?ID=premiers&club=19,Premierships (index),Montrose,200,8826,1835,1,57,,NONE,MISSING,high,No equivalent on the new site. New site carries 42 table rows in total across all pages.
https://honours.rdca.com/index.php?ID=premiers&club=2,Premierships (index),Ainslie Park,200,10809,2270,1,70,,NONE,MISSING,high,No equivalent on the new site. New site carries 42 table rows in total across all pages.
https://honours.rdca.com/index.php?ID=premiers&club=20,Premierships (index),Mooroolbark,200,10793,2150,1,71,,NONE,MISSING,high,No equivalent on the new site. New site carries 42 table rows in total across all pages.
https://honours.rdca.com/index.php?ID=premiers&club=21,Premierships (index),Mt Evelyn,200,4293,842,1,27,,NONE,MISSING,high,No equivalent on the new site. New site carries 42 table rows in total across all pages.
https://honours.rdca.com/index.php?ID=premiers&club=22,Premierships (index),North Ringwood,200,14638,2927,1,97,,NONE,MISSING,high,No equivalent on the new site. New site carries 42 table rows in total across all pages.
https://honours.rdca.com/index.php?ID=premiers&club=24,Premierships (index),Norwood,200,7898,1719,1,50,,NONE,MISSING,high,No equivalent on the new site. New site carries 42 table rows in total across all pages.
https://honours.rdca.com/index.php?ID=premiers&club=25,Premierships (index),Olinda,200,3736,625,1,24,,NONE,MISSING,high,No equivalent on the new site. New site carries 42 table rows in total across all pages.
https://honours.rdca.com/index.php?ID=premiers&club=26,Premierships (index),Ringwood,200,11870,2519,1,77,,NONE,MISSING,high,No equivalent on the new site. New site carries 42 table rows in total across all pages.
https://honours.rdca.com/index.php?ID=premiers&club=27,Premierships (index),Scoresby/Ferndale,200,3258,619,1,20,,NONE,MISSING,high,No equivalent on the new site. New site carries 42 table rows in total across all pages.
https://honours.rdca.com/index.php?ID=premiers&club=28,Premierships (index),South Croydon,200,5394,1103,1,34,,NONE,MISSING,high,No equivalent on the new site. New site carries 42 table rows in total across all pages.
https://honours.rdca.com/index.php?ID=premiers&club=29,Premierships (index),St Andrews,200,7427,1484,1,48,,NONE,MISSING,high,No equivalent on the new site. New site carries 42 table rows in total across all pages.
https://honours.rdca.com/index.php?ID=premiers&club=3,Premierships (index),Bayswater Park,200,7543,1600,1,48,,NONE,MISSING,high,No equivalent on the new site. New site carries 42 table rows in total across all pages.
https://honours.rdca.com/index.php?ID=premiers&club=30,Premierships (index),Sth Warrandyte Hawks,200,6739,1400,1,43,,NONE,MISSING,high,No equivalent on the new site. New site carries 42 table rows in total across all pages.
https://honours.rdca.com/index.php?ID=premiers&club=31,Premierships (index),Templeton,200,9325,1966,1,60,,NONE,MISSING,high,No equivalent on the new site. New site carries 42 table rows in total across all pages.
https://honours.rdca.com/index.php?ID=premiers&club=32,Premierships (index),Wantirna,200,4883,1064,1,30,,NONE,MISSING,high,No equivalent on the new site. New site carries 42 table rows in total across all pages.
https://honours.rdca.com/index.php?ID=premiers&club=33,Premierships (index),Wantirna South,200,7618,1571,1,49,,NONE,MISSING,high,No equivalent on the new site. New site carries 42 table rows in total across all pages.
https://honours.rdca.com/index.php?ID=premiers&club=34,Premierships (index),Warrandyte,200,8952,1829,1,58,,NONE,MISSING,high,No equivalent on the new site. New site carries 42 table rows in total across all pages.
https://honours.rdca.com/index.php?ID=premiers&club=35,Premierships (index),Warranwood,200,11163,2284,1,73,,NONE,MISSING,high,No equivalent on the new site. New site carries 42 table rows in total across all pages.
https://honours.rdca.com/index.php?ID=premiers&club=36,Premierships (index),Wonga Park,200,13775,3008,1,89,,NONE,MISSING,high,No equivalent on the new site. New site carries 42 table rows in total across all pages.
https://honours.rdca.com/index.php?ID=premiers&club=37,Premierships (index),Ringwood RSL,200,1225,238,1,6,,NONE,MISSING,high,No equivalent on the new site. New site carries 42 table rows in total across all pages.
https://honours.rdca.com/index.php?ID=premiers&club=38,Premierships (index),Vermont,200,3667,688,1,23,,NONE,MISSING,high,No equivalent on the new site. New site carries 42 table rows in total across all pages.
https://honours.rdca.com/index.php?ID=premiers&club=39,Premierships (index),Ferntree Gully,200,1936,373,1,11,,NONE,MISSING,high,No equivalent on the new site. New site carries 42 table rows in total across all pages.
https://honours.rdca.com/index.php?ID=premiers&club=4,Premierships (index),Boronia,200,6812,1473,1,43,,NONE,MISSING,high,No equivalent on the new site. New site carries 42 table rows in total across all pages.
https://honours.rdca.com/index.php?ID=premiers&club=40,Premierships (index),Glen Park,200,2506,471,1,15,,NONE,MISSING,high,No equivalent on the new site. New site carries 42 table rows in total across all pages.
https://honours.rdca.com/index.php?ID=premiers&club=42,Premierships (index),Park Orchards,200,749,130,1,3,,NONE,MISSING,high,No equivalent on the new site. New site carries 42 table rows in total across all pages.
https://honours.rdca.com/index.php?ID=premiers&club=43,Premierships (index),Academy,200,880,129,1,4,,NONE,MISSING,high,No equivalent on the new site. New site carries 42 table rows in total across all pages.
https://honours.rdca.com/index.php?ID=premiers&club=44,Premierships (index),Knox Gardens,200,1848,285,1,11,,NONE,MISSING,high,No equivalent on the new site. New site carries 42 table rows in total across all pages.
https://honours.rdca.com/index.php?ID=premiers&club=45,Premierships (index),Yarra Valley,200,744,125,1,3,,NONE,MISSING,high,No equivalent on the new site. New site carries 42 table rows in total across all pages.
https://honours.rdca.com/index.php?ID=premiers&club=48,Premierships (index),Bayswater,200,736,117,1,3,,NONE,MISSING,high,No equivalent on the new site. New site carries 42 table rows in total across all pages.
https://honours.rdca.com/index.php?ID=premiers&club=5,Premierships (index),Chirnside Park,200,4023,808,1,25,,NONE,MISSING,high,No equivalent on the new site. New site carries 42 table rows in total across all pages.
https://honours.rdca.com/index.php?ID=premiers&club=50,Premierships (index),Boronia Churches,200,1374,283,1,7,,NONE,MISSING,high,No equivalent on the new site. New site carries 42 table rows in total across all pages.
https://honours.rdca.com/index.php?ID=premiers&club=52,Premierships (index),Aquinas,200,586,71,1,2,,NONE,MISSING,high,No equivalent on the new site. New site carries 42 table rows in total across all pages.
https://honours.rdca.com/index.php?ID=premiers&club=53,Premierships (index),Westwood,200,1651,324,1,9,,NONE,MISSING,high,No equivalent on the new site. New site carries 42 table rows in total across all pages.
https://honours.rdca.com/index.php?ID=premiers&club=54,Premierships (index),Johnson Park,200,1663,336,1,9,,NONE,MISSING,high,No equivalent on the new site. New site carries 42 table rows in total across all pages.
https://honours.rdca.com/index.php?ID=premiers&club=55,Premierships (index),Croydon High School,200,739,120,1,3,,NONE,MISSING,high,No equivalent on the new site. New site carries 42 table rows in total across all pages.
https://honours.rdca.com/index.php?ID=premiers&club=56,Premierships (index),Knoxfield,200,1164,177,1,6,,NONE,MISSING,high,No equivalent on the new site. New site carries 42 table rows in total across all pages.
https://honours.rdca.com/index.php?ID=premiers&club=58,Premierships (index),Valley,200,583,68,1,2,,NONE,MISSING,high,No equivalent on the new site. New site carries 42 table rows in total across all pages.
https://honours.rdca.com/index.php?ID=premiers&club=59,Premierships (index),Bayswater North,200,604,89,1,2,,NONE,MISSING,high,No equivalent on the new site. New site carries 42 table rows in total across all pages.
https://honours.rdca.com/index.php?ID=premiers&club=6,Premierships (index),Croydon,200,6121,1358,1,38,,NONE,MISSING,high,No equivalent on the new site. New site carries 42 table rows in total across all pages.
https://honours.rdca.com/index.php?ID=premiers&club=60,Premierships (index),Riversdale,200,610,95,1,2,,NONE,MISSING,high,No equivalent on the new site. New site carries 42 table rows in total across all pages.
https://honours.rdca.com/index.php?ID=premiers&club=61,Premierships (index),Knox Churches,200,587,72,1,2,,NONE,MISSING,high,No equivalent on the new site. New site carries 42 table rows in total across all pages.
https://honours.rdca.com/index.php?ID=premiers&club=62,Premierships (index),Heathmont Uniting,200,741,122,1,3,,NONE,MISSING,high,No equivalent on the new site. New site carries 42 table rows in total across all pages.
https://honours.rdca.com/index.php?ID=premiers&club=63,Premierships (index),Ruskin Park,200,575,60,1,2,,NONE,MISSING,high,No equivalent on the new site. New site carries 42 table rows in total across all pages.
https://honours.rdca.com/index.php?ID=premiers&club=64,Premierships (index),Belgrave,200,597,82,1,2,,NONE,MISSING,high,No equivalent on the new site. New site carries 42 table rows in total across all pages.
https://honours.rdca.com/index.php?ID=premiers&club=7,Premierships (index),Croydon North,200,9794,2095,1,63,,NONE,MISSING,high,No equivalent on the new site. New site carries 42 table rows in total across all pages.
https://honours.rdca.com/index.php?ID=premiers&club=73,Premierships (index),Blackburn North,200,584,69,1,2,,NONE,MISSING,high,No equivalent on the new site. New site carries 42 table rows in total across all pages.
https://honours.rdca.com/index.php?ID=premiers&club=74,Premierships (index),Yarra Junction,200,614,99,1,2,,NONE,MISSING,high,No equivalent on the new site. New site carries 42 table rows in total across all pages.
https://honours.rdca.com/index.php?ID=premiers&club=76,Premierships (index),Heatherdale,200,606,91,1,2,,NONE,MISSING,high,No equivalent on the new site. New site carries 42 table rows in total across all pages.
https://honours.rdca.com/index.php?ID=premiers&club=78,Premierships (index),Forrest Hill,200,583,68,1,2,,NONE,MISSING,high,No equivalent on the new site. New site carries 42 table rows in total across all pages.
https://honours.rdca.com/index.php?ID=premiers&club=79,Premierships (index),Bulleen Templestowe,200,590,75,1,2,,NONE,MISSING,high,No equivalent on the new site. New site carries 42 table rows in total across all pages.
https://honours.rdca.com/index.php?ID=premiers&club=8,Premierships (index),Croydon Ranges,200,9281,1922,1,60,,NONE,MISSING,high,No equivalent on the new site. New site carries 42 table rows in total across all pages.
https://honours.rdca.com/index.php?ID=premiers&club=80,Premierships (index),Seville,200,578,63,1,2,,NONE,MISSING,high,No equivalent on the new site. New site carries 42 table rows in total across all pages.
https://honours.rdca.com/index.php?ID=premiers&club=9,Premierships (index),East Ringwood,200,9820,2121,1,63,,NONE,MISSING,high,No equivalent on the new site. New site carries 42 table rows in total across all pages.
https://honours.rdca.com/index.php?ID=premiers&grade=121,Premiership record (by grade),Under 12-1,200,12256,1271,1,52,,NONE,MISSING,high,No equivalent on the new site. New site carries 42 table rows in total across all pages.
https://honours.rdca.com/index.php?ID=premiers&grade=121F,Premiership record (by grade),Under 12-1F,200,1368,146,1,5,,NONE,MISSING,high,No equivalent on the new site. New site carries 42 table rows in total across all pages.
https://honours.rdca.com/index.php?ID=premiers&grade=122,Premiership record (by grade),Under 12-2,200,11005,1077,1,47,,NONE,MISSING,high,No equivalent on the new site. New site carries 42 table rows in total across all pages.
https://honours.rdca.com/index.php?ID=premiers&grade=122F,Premiership record (by grade),Under 12-2F,200,903,94,1,3,,NONE,MISSING,high,No equivalent on the new site. New site carries 42 table rows in total across all pages.
https://honours.rdca.com/index.php?ID=premiers&grade=122T2,Premiership record (by grade),Under 12-2 T20,200,684,69,1,2,,NONE,MISSING,high,No equivalent on the new site. New site carries 42 table rows in total across all pages.
https://honours.rdca.com/index.php?ID=premiers&grade=123,Premiership record (by grade),Under 12-3,200,10279,981,1,44,,NONE,MISSING,high,No equivalent on the new site. New site carries 42 table rows in total across all pages.
https://honours.rdca.com/index.php?ID=premiers&grade=124,Premiership record (by grade),Under 12-4,200,9823,937,1,42,,NONE,MISSING,high,No equivalent on the new site. New site carries 42 table rows in total across all pages.
https://honours.rdca.com/index.php?ID=premiers&grade=125,Premiership record (by grade),Under 12-5,200,4236,501,1,17,,NONE,MISSING,high,No equivalent on the new site. New site carries 42 table rows in total across all pages.
https://honours.rdca.com/index.php?ID=premiers&grade=126,Premiership record (by grade),Under 12-6,200,1598,154,1,6,,NONE,MISSING,high,No equivalent on the new site. New site carries 42 table rows in total across all pages.
https://honours.rdca.com/index.php?ID=premiers&grade=127,Premiership record (by grade),Under 12-7,200,1137,107,1,4,,NONE,MISSING,high,No equivalent on the new site. New site carries 42 table rows in total across all pages.
https://honours.rdca.com/index.php?ID=premiers&grade=128,Premiership record (by grade),Under 12-8,200,677,61,1,2,,NONE,MISSING,high,No equivalent on the new site. New site carries 42 table rows in total across all pages.
https://honours.rdca.com/index.php?ID=premiers&grade=12T20,Premiership record (by grade),Under 12 T20,200,2280,229,1,9,,NONE,MISSING,high,No equivalent on the new site. New site carries 42 table rows in total across all pages.
https://honours.rdca.com/index.php?ID=premiers&grade=131,Premiership record (by grade),Under 13-1,200,677,61,1,2,,NONE,MISSING,high,No equivalent on the new site. New site carries 42 table rows in total across all pages.
https://honours.rdca.com/index.php?ID=premiers&grade=141,Premiership record (by grade),Under 14-1,200,12698,1302,1,54,,NONE,MISSING,high,No equivalent on the new site. New site carries 42 table rows in total across all pages.
https://honours.rdca.com/index.php?ID=premiers&grade=142,Premiership record (by grade),Under 14-2,200,11748,1190,1,50,,NONE,MISSING,high,No equivalent on the new site. New site carries 42 table rows in total across all pages.
https://honours.rdca.com/index.php?ID=premiers&grade=142T2,Premiership record (by grade),Under 14-2 T20,200,681,65,1,2,,NONE,MISSING,high,No equivalent on the new site. New site carries 42 table rows in total across all pages.
https://honours.rdca.com/index.php?ID=premiers&grade=143,Premiership record (by grade),Under 14-3,200,11492,1144,1,49,,NONE,MISSING,high,No equivalent on the new site. New site carries 42 table rows in total across all pages.
https://honours.rdca.com/index.php?ID=premiers&grade=144,Premiership record (by grade),Under 14-4,200,9563,893,1,41,,NONE,MISSING,high,No equivalent on the new site. New site carries 42 table rows in total across all pages.
https://honours.rdca.com/index.php?ID=premiers&grade=145,Premiership record (by grade),Under 14-5,200,3007,299,1,12,,NONE,MISSING,high,No equivalent on the new site. New site carries 42 table rows in total across all pages.
https://honours.rdca.com/index.php?ID=premiers&grade=146,Premiership record (by grade),Under 14-6,200,894,85,1,3,,NONE,MISSING,high,No equivalent on the new site. New site carries 42 table rows in total across all pages.
https://honours.rdca.com/index.php?ID=premiers&grade=14T20,Premiership record (by grade),Under 14 T20,200,2513,242,1,10,,NONE,MISSING,high,No equivalent on the new site. New site carries 42 table rows in total across all pages.
https://honours.rdca.com/index.php?ID=premiers&grade=161,Premiership record (by grade),Under 16-1,200,17369,1655,1,75,,NONE,MISSING,high,No equivalent on the new site. New site carries 42 table rows in total across all pages.
https://honours.rdca.com/index.php?ID=premiers&grade=162,Premiership record (by grade),Under 16-2,200,14271,1448,1,61,,NONE,MISSING,high,No equivalent on the new site. New site carries 42 table rows in total across all pages.
https://honours.rdca.com/index.php?ID=premiers&grade=162T2,Premiership record (by grade),Under 16-2 T20,200,678,62,1,2,,NONE,MISSING,high,No equivalent on the new site. New site carries 42 table rows in total across all pages.
https://honours.rdca.com/index.php?ID=premiers&grade=163,Premiership record (by grade),Under 16-3,200,10938,1033,1,47,,NONE,MISSING,high,No equivalent on the new site. New site carries 42 table rows in total across all pages.
https://honours.rdca.com/index.php?ID=premiers&grade=164,Premiership record (by grade),Under 16-4,200,7703,850,1,32,,NONE,MISSING,high,No equivalent on the new site. New site carries 42 table rows in total across all pages.
https://honours.rdca.com/index.php?ID=premiers&grade=16T20,Premiership record (by grade),Under 16-1 T20,200,2969,283,1,12,,NONE,MISSING,high,No equivalent on the new site. New site carries 42 table rows in total across all pages.
https://honours.rdca.com/index.php?ID=premiers&grade=171,Premiership record (by grade),Under 17-1,200,896,89,1,3,,NONE,MISSING,high,No equivalent on the new site. New site carries 42 table rows in total across all pages.
https://honours.rdca.com/index.php?ID=premiers&grade=181,Premiership record (by grade),Under 18,200,2278,229,1,9,,NONE,MISSING,high,No equivalent on the new site. New site carries 42 table rows in total across all pages.
https://honours.rdca.com/index.php?ID=premiers&grade=19T20,Premiership record (by grade),Under 19 T20,200,1200,148,1,4,,NONE,MISSING,high,No equivalent on the new site. New site carries 42 table rows in total across all pages.
https://honours.rdca.com/index.php?ID=premiers&grade=AGR,Premiership record (by grade),A Grade,200,4766,589,1,19,,NONE,MISSING,high,No equivalent on the new site. New site carries 42 table rows in total across all pages.
https://honours.rdca.com/index.php?ID=premiers&grade=BGR,Premiership record (by grade),B Grade,200,5139,565,1,21,,NONE,MISSING,high,No equivalent on the new site. New site carries 42 table rows in total across all pages.
https://honours.rdca.com/index.php?ID=premiers&grade=CD2,Premiership record (by grade),C Division 2,200,1135,105,1,4,,NONE,MISSING,high,No equivalent on the new site. New site carries 42 table rows in total across all pages.
https://honours.rdca.com/index.php?ID=premiers&grade=CD3,Premiership record (by grade),C Division 3,200,893,84,1,3,,NONE,MISSING,high,No equivalent on the new site. New site carries 42 table rows in total across all pages.
https://honours.rdca.com/index.php?ID=premiers&grade=CD4,Premiership record (by grade),C Division 4,200,683,67,1,2,,NONE,MISSING,high,No equivalent on the new site. New site carries 42 table rows in total across all pages.
https://honours.rdca.com/index.php?ID=premiers&grade=CGR,Premiership record (by grade),C Grade,200,19689,2060,1,84,,NONE,MISSING,high,No equivalent on the new site. New site carries 42 table rows in total across all pages.
https://honours.rdca.com/index.php?ID=premiers&grade=CH1,Premiership record (by grade),Lindsay Trollope Shield,200,23970,2386,1,103,,NONE,MISSING,high,No equivalent on the new site. New site carries 42 table rows in total across all pages.
https://honours.rdca.com/index.php?ID=premiers&grade=CH2,Premiership record (by grade),Chandler Shield Reserves,200,7157,725,1,30,,NONE,MISSING,high,No equivalent on the new site. New site carries 42 table rows in total across all pages.
https://honours.rdca.com/index.php?ID=premiers&grade=CH3,Premiership record (by grade),Chandler 3,200,5251,501,1,22,,NONE,MISSING,high,No equivalent on the new site. New site carries 42 table rows in total across all pages.
https://honours.rdca.com/index.php?ID=premiers&grade=CH4,Premiership record (by grade),Chandler 4,200,5236,486,1,22,,NONE,MISSING,high,No equivalent on the new site. New site carries 42 table rows in total across all pages.
https://honours.rdca.com/index.php?ID=premiers&grade=CH5,Premiership record (by grade),Chandler 5,200,1807,173,1,7,,NONE,MISSING,high,No equivalent on the new site. New site carries 42 table rows in total across all pages.
https://honours.rdca.com/index.php?ID=premiers&grade=CH6,Premiership record (by grade),Chandler 6,200,888,79,1,3,,NONE,MISSING,high,No equivalent on the new site. New site carries 42 table rows in total across all pages.
https://honours.rdca.com/index.php?ID=premiers&grade=DGR,Premiership record (by grade),D Grade,200,12971,1362,1,55,,NONE,MISSING,high,No equivalent on the new site. New site carries 42 table rows in total across all pages.
https://honours.rdca.com/index.php?ID=premiers&grade=EGR,Premiership record (by grade),E Grade,200,11578,1216,1,49,,NONE,MISSING,high,No equivalent on the new site. New site carries 42 table rows in total across all pages.
https://honours.rdca.com/index.php?ID=premiers&grade=FGR,Premiership record (by grade),F Grade,200,9718,1017,1,41,,NONE,MISSING,high,No equivalent on the new site. New site carries 42 table rows in total across all pages.
https://honours.rdca.com/index.php?ID=premiers&grade=GGR,Premiership record (by grade),G Grade,200,8147,876,1,34,,NONE,MISSING,high,No equivalent on the new site. New site carries 42 table rows in total across all pages.
https://honours.rdca.com/index.php?ID=premiers&grade=HGR,Premiership record (by grade),H Grade,200,6046,647,1,25,,NONE,MISSING,high,No equivalent on the new site. New site carries 42 table rows in total across all pages.
https://honours.rdca.com/index.php?ID=premiers&grade=IGR,Premiership record (by grade),I Grade,200,5458,647,1,22,,NONE,MISSING,high,No equivalent on the new site. New site carries 42 table rows in total across all pages.
https://honours.rdca.com/index.php?ID=premiers&grade=JGR,Premiership record (by grade),J Grade,200,4239,494,1,17,,NONE,MISSING,high,No equivalent on the new site. New site carries 42 table rows in total across all pages.
https://honours.rdca.com/index.php?ID=premiers&grade=KGR,Premiership record (by grade),K Grade,200,3588,450,1,14,,NONE,MISSING,high,No equivalent on the new site. New site carries 42 table rows in total across all pages.
https://honours.rdca.com/index.php?ID=premiers&grade=LGR,Premiership record (by grade),L Grade,200,2060,203,1,8,,NONE,MISSING,high,No equivalent on the new site. New site carries 42 table rows in total across all pages.
https://honours.rdca.com/index.php?ID=premiers&grade=MGR,Premiership record (by grade),M Grade,200,1586,143,1,6,,NONE,MISSING,high,No equivalent on the new site. New site carries 42 table rows in total across all pages.
https://honours.rdca.com/index.php?ID=premiers&grade=NW1,Premiership record (by grade),Stuart Newey Plate,200,13164,1349,1,56,,NONE,MISSING,high,No equivalent on the new site. New site carries 42 table rows in total across all pages.
https://honours.rdca.com/index.php?ID=premiers&grade=NW2,Premiership record (by grade),Newey Plate Reserves,200,4887,526,1,20,,NONE,MISSING,high,No equivalent on the new site. New site carries 42 table rows in total across all pages.
https://honours.rdca.com/index.php?ID=premiers&grade=NW3,Premiership record (by grade),B3 Grade,200,1137,109,1,4,,NONE,MISSING,high,No equivalent on the new site. New site carries 42 table rows in total across all pages.
https://honours.rdca.com/index.php?ID=premiers&grade=OGR,Premiership record (by grade),One Day Grade,200,2260,210,1,9,,NONE,MISSING,high,No equivalent on the new site. New site carries 42 table rows in total across all pages.
https://honours.rdca.com/index.php?ID=premiers&grade=PMSH,Premiership record (by grade),Pat Meehan Shield,200,1367,144,1,5,,NONE,MISSING,high,No equivalent on the new site. New site carries 42 table rows in total across all pages.
https://honours.rdca.com/index.php?ID=premiers&grade=PSH,Premiership record (by grade),Steve Pascoe Shield,200,2525,259,1,10,,NONE,MISSING,high,No equivalent on the new site. New site carries 42 table rows in total across all pages.
https://honours.rdca.com/index.php?ID=premiers&grade=SNRT2,Premiership record (by grade),Saxon Sports T20,200,4345,420,1,18,,NONE,MISSING,high,No equivalent on the new site. New site carries 42 table rows in total across all pages.
https://honours.rdca.com/index.php?ID=premiers&grade=VET1,Premiership record (by grade),Masters 1,200,7766,764,1,33,,NONE,MISSING,high,No equivalent on the new site. New site carries 42 table rows in total across all pages.
https://honours.rdca.com/index.php?ID=premiers&grade=VET2,Premiership record (by grade),Masters 2,200,6861,675,1,29,,NONE,MISSING,high,No equivalent on the new site. New site carries 42 table rows in total across all pages.
https://honours.rdca.com/index.php?ID=premiers&grade=VET3,Premiership record (by grade),Masters 3,200,5723,557,1,24,,NONE,MISSING,high,No equivalent on the new site. New site carries 42 table rows in total across all pages.
https://honours.rdca.com/index.php?ID=premiers&grade=VET4,Premiership record (by grade),Masters 4,200,2987,306,1,12,,NONE,MISSING,high,No equivalent on the new site. New site carries 42 table rows in total across all pages.
https://honours.rdca.com/index.php?ID=premiers&grade=VET5,Premiership record (by grade),Legends 1,200,3415,320,1,14,,NONE,MISSING,high,No equivalent on the new site. New site carries 42 table rows in total across all pages.
https://honours.rdca.com/index.php?ID=premiers&grade=WK1,Premiership record (by grade),Bill Wilkins Cup,200,21156,2113,1,91,,NONE,MISSING,high,No equivalent on the new site. New site carries 42 table rows in total across all pages.
https://honours.rdca.com/index.php?ID=premiers&grade=WK2,Premiership record (by grade),Wilkins Cup Reserves,200,6301,688,1,26,,NONE,MISSING,high,No equivalent on the new site. New site carries 42 table rows in total across all pages.
https://honours.rdca.com/index.php?ID=premiers&grade=WK3,Premiership record (by grade),A3 Grade,200,4469,514,1,18,,NONE,MISSING,high,No equivalent on the new site. New site carries 42 table rows in total across all pages.
https://honours.rdca.com/index.php?ID=premiers&grade=WK4,Premiership record (by grade),A4 Grade,200,2492,224,1,10,,NONE,MISSING,high,No equivalent on the new site. New site carries 42 table rows in total across all pages.
https://honours.rdca.com/index.php?ID=premiers&grade=WK5,Premiership record (by grade),A5 Grade,200,897,88,1,3,,NONE,MISSING,high,No equivalent on the new site. New site carries 42 table rows in total across all pages.
https://honours.rdca.com/index.php?ID=snrcc,Club Championship,Club Championship,200,6790,815,1,35,,NONE,MISSING,high,No equivalent on the new site. New site carries 42 table rows in total across all pages.
https://honours.rdca.com/index.php?ID=voy,Honours record (other),Volunteer of the Year,200,3160,465,1,13,,NONE,MISSING,high,No equivalent on the new site. New site carries 42 table rows in total across all pages.
